# Blender v2.79 (sub 0) OBJ File: 'Sphere.blend'
# www.blender.org
o Cube
v 0.742270 -0.742270 -0.742270
v 0.742270 -0.742270 0.742270
v -0.742270 -0.742270 0.742270
v -0.742270 -0.742270 -0.742270
v 0.742270 0.742270 -0.742269
v 0.742270 0.742270 0.742270
v -0.742270 0.742270 0.742270
v -0.742270 0.742270 -0.742270
v 0.786890 -0.786890 -0.643819
v 0.829027 -0.829027 -0.527563
v 0.865485 -0.865485 -0.393402
v 0.892644 -0.892644 -0.243448
v 0.907219 -0.907219 -0.082474
v 0.907219 -0.907219 0.082475
v 0.892644 -0.892644 0.243448
v 0.865485 -0.865485 0.393402
v 0.829027 -0.829027 0.527563
v 0.786890 -0.786890 0.643819
v 0.643819 -0.786890 -0.786890
v 0.527563 -0.829027 -0.829027
v 0.393402 -0.865485 -0.865485
v 0.243448 -0.892644 -0.892644
v 0.082475 -0.907219 -0.907219
v -0.082474 -0.907219 -0.907219
v -0.243448 -0.892644 -0.892644
v -0.393402 -0.865485 -0.865485
v -0.527562 -0.829027 -0.829027
v -0.643819 -0.786890 -0.786890
v 0.786890 -0.643819 -0.786890
v 0.829027 -0.527563 -0.829027
v 0.865485 -0.393402 -0.865485
v 0.892644 -0.243448 -0.892644
v 0.907219 -0.082474 -0.907218
v 0.907219 0.082474 -0.907218
v 0.892644 0.243448 -0.892644
v 0.865485 0.393402 -0.865485
v 0.829027 0.527563 -0.829027
v 0.786890 0.643819 -0.786889
v 0.643819 -0.786890 0.786890
v 0.527563 -0.829027 0.829027
v 0.393402 -0.865485 0.865485
v 0.243448 -0.892644 0.892644
v 0.082474 -0.907219 0.907219
v -0.082474 -0.907219 0.907219
v -0.243448 -0.892644 0.892644
v -0.393402 -0.865485 0.865485
v -0.527563 -0.829027 0.829027
v -0.643819 -0.786890 0.786890
v 0.786890 -0.643819 0.786890
v 0.829027 -0.527563 0.829027
v 0.865485 -0.393402 0.865485
v 0.892644 -0.243448 0.892644
v 0.907219 -0.082474 0.907219
v 0.907219 0.082474 0.907219
v 0.892644 0.243448 0.892644
v 0.865485 0.393402 0.865485
v 0.829027 0.527563 0.829027
v 0.786889 0.643819 0.786890
v -0.786890 -0.786890 0.643819
v -0.829027 -0.829027 0.527562
v -0.865485 -0.865485 0.393402
v -0.892644 -0.892644 0.243448
v -0.907219 -0.907219 0.082474
v -0.907219 -0.907219 -0.082475
v -0.892644 -0.892644 -0.243449
v -0.865485 -0.865485 -0.393403
v -0.829027 -0.829027 -0.527563
v -0.786889 -0.786890 -0.643819
v -0.786890 -0.643819 0.786890
v -0.829027 -0.527563 0.829027
v -0.865485 -0.393402 0.865485
v -0.892644 -0.243448 0.892644
v -0.907219 -0.082474 0.907219
v -0.907219 0.082474 0.907219
v -0.892644 0.243448 0.892644
v -0.865485 0.393402 0.865485
v -0.829027 0.527563 0.829027
v -0.786890 0.643819 0.786890
v -0.786889 -0.643819 -0.786890
v -0.829027 -0.527563 -0.829027
v -0.865485 -0.393402 -0.865485
v -0.892644 -0.243448 -0.892644
v -0.907218 -0.082474 -0.907219
v -0.907218 0.082474 -0.907219
v -0.892644 0.243448 -0.892644
v -0.865485 0.393402 -0.865485
v -0.829027 0.527563 -0.829027
v -0.786890 0.643819 -0.786890
v 0.786890 0.786890 -0.643818
v 0.829027 0.829027 -0.527562
v 0.865485 0.865485 -0.393402
v 0.892644 0.892644 -0.243448
v 0.907219 0.907219 -0.082474
v 0.907219 0.907219 0.082475
v 0.892644 0.892644 0.243449
v 0.865485 0.865485 0.393403
v 0.829027 0.829027 0.527563
v 0.786889 0.786890 0.643819
v 0.643819 0.786890 -0.786889
v 0.527563 0.829027 -0.829027
v 0.393403 0.865485 -0.865485
v 0.243449 0.892644 -0.892644
v 0.082475 0.907219 -0.907219
v -0.082474 0.907219 -0.907219
v -0.243448 0.892644 -0.892644
v -0.393402 0.865485 -0.865485
v -0.527563 0.829027 -0.829027
v -0.643819 0.786890 -0.786890
v 0.643818 0.786890 0.786890
v 0.527562 0.829027 0.829027
v 0.393402 0.865485 0.865485
v 0.243448 0.892644 0.892644
v 0.082474 0.907219 0.907219
v -0.082475 0.907219 0.907219
v -0.243449 0.892644 0.892644
v -0.393403 0.865485 0.865485
v -0.527563 0.829027 0.829027
v -0.643819 0.786890 0.786890
v -0.786890 0.786890 0.643819
v -0.829027 0.829027 0.527562
v -0.865485 0.865485 0.393402
v -0.892644 0.892644 0.243448
v -0.907219 0.907219 0.082474
v -0.907219 0.907219 -0.082475
v -0.892644 0.892644 -0.243448
v -0.865485 0.865485 -0.393402
v -0.829027 0.829027 -0.527563
v -0.786890 0.786890 -0.643819
v 0.687816 0.687815 -0.840663
v 0.568047 0.730345 -0.892644
v 0.426658 0.767984 -0.938647
v 0.265524 0.796570 -0.973585
v 0.090235 0.812114 -0.992584
v -0.090235 0.812114 -0.992584
v -0.265523 0.796570 -0.973585
v -0.426657 0.767984 -0.938647
v -0.568046 0.730345 -0.892644
v -0.687815 0.687815 -0.840663
v 0.730345 0.568046 -0.892644
v 0.608133 0.608133 -0.955637
v 0.460337 0.644471 -1.012739
v 0.288282 0.672658 -1.057033
v 0.098316 0.688212 -1.081476
v -0.098316 0.688212 -1.081476
v -0.288282 0.672658 -1.057033
v -0.460336 0.644471 -1.012740
v -0.608133 0.608133 -0.955637
v -0.730345 0.568046 -0.892644
v 0.767984 0.426658 -0.938647
v 0.644471 0.460336 -1.012739
v 0.491580 0.491580 -1.081476
v 0.309798 0.516329 -1.135924
v 0.106039 0.530193 -1.166424
v -0.106038 0.530193 -1.166424
v -0.309797 0.516329 -1.135924
v -0.491580 0.491580 -1.081477
v -0.644471 0.460336 -1.012740
v -0.767984 0.426658 -0.938647
v 0.796570 0.265523 -0.973585
v 0.672658 0.288282 -1.057033
v 0.516329 0.309797 -1.135924
v 0.327142 0.327142 -1.199521
v 0.112328 0.336983 -1.235604
v -0.112327 0.336983 -1.235605
v -0.327142 0.327142 -1.199521
v -0.516329 0.309797 -1.135924
v -0.672657 0.288282 -1.057033
v -0.796569 0.265523 -0.973585
v 0.812114 0.090235 -0.992583
v 0.688213 0.098316 -1.081476
v 0.530193 0.106039 -1.166424
v 0.336983 0.112328 -1.235604
v 0.115923 0.115923 -1.275154
v -0.115923 0.115923 -1.275154
v -0.336983 0.112328 -1.235605
v -0.530192 0.106039 -1.166424
v -0.688212 0.098316 -1.081477
v -0.812114 0.090235 -0.992584
v 0.812114 -0.090235 -0.992584
v 0.688212 -0.098316 -1.081476
v 0.530193 -0.106039 -1.166424
v 0.336983 -0.112328 -1.235604
v 0.115923 -0.115923 -1.275154
v -0.115923 -0.115923 -1.275154
v -0.336983 -0.112328 -1.235605
v -0.530192 -0.106039 -1.166424
v -0.688212 -0.098316 -1.081477
v -0.812114 -0.090235 -0.992584
v 0.796570 -0.265523 -0.973585
v 0.672658 -0.288282 -1.057033
v 0.516329 -0.309797 -1.135924
v 0.327142 -0.327142 -1.199521
v 0.112328 -0.336983 -1.235605
v -0.112328 -0.336983 -1.235605
v -0.327142 -0.327142 -1.199521
v -0.516329 -0.309797 -1.135924
v -0.672657 -0.288282 -1.057033
v -0.796569 -0.265523 -0.973585
v 0.767984 -0.426658 -0.938647
v 0.644471 -0.460336 -1.012740
v 0.491580 -0.491580 -1.081476
v 0.309798 -0.516329 -1.135924
v 0.106039 -0.530193 -1.166424
v -0.106038 -0.530193 -1.166424
v -0.309797 -0.516329 -1.135924
v -0.491580 -0.491580 -1.081477
v -0.644470 -0.460336 -1.012740
v -0.767983 -0.426658 -0.938647
v 0.730345 -0.568046 -0.892644
v 0.608133 -0.608133 -0.955637
v 0.460336 -0.644471 -1.012740
v 0.288282 -0.672657 -1.057033
v 0.098316 -0.688212 -1.081476
v -0.098316 -0.688212 -1.081477
v -0.288282 -0.672657 -1.057033
v -0.460336 -0.644471 -1.012740
v -0.608133 -0.608133 -0.955638
v -0.730345 -0.568046 -0.892644
v 0.687815 -0.687815 -0.840663
v 0.568046 -0.730345 -0.892644
v 0.426658 -0.767984 -0.938647
v 0.265523 -0.796570 -0.973585
v 0.090235 -0.812114 -0.992584
v -0.090235 -0.812114 -0.992584
v -0.265523 -0.796570 -0.973585
v -0.426657 -0.767984 -0.938647
v -0.568046 -0.730345 -0.892644
v -0.687815 -0.687815 -0.840663
v -0.840663 -0.687815 0.687815
v -0.892644 -0.730345 0.568046
v -0.938647 -0.767984 0.426657
v -0.973585 -0.796570 0.265523
v -0.992584 -0.812114 0.090235
v -0.992584 -0.812114 -0.090235
v -0.973585 -0.796570 -0.265523
v -0.938647 -0.767984 -0.426658
v -0.892644 -0.730345 -0.568047
v -0.840663 -0.687815 -0.687816
v -0.892644 -0.568046 0.730345
v -0.955637 -0.608133 0.608133
v -1.012740 -0.644471 0.460336
v -1.057033 -0.672658 0.288282
v -1.081477 -0.688212 0.098316
v -1.081476 -0.688212 -0.098316
v -1.057033 -0.672658 -0.288282
v -1.012740 -0.644471 -0.460337
v -0.955637 -0.608133 -0.608133
v -0.892644 -0.568046 -0.730345
v -0.938647 -0.426658 0.767984
v -1.012740 -0.460336 0.644471
v -1.081477 -0.491580 0.491580
v -1.135924 -0.516329 0.309797
v -1.166424 -0.530193 0.106038
v -1.166424 -0.530193 -0.106039
v -1.135924 -0.516329 -0.309798
v -1.081476 -0.491580 -0.491581
v -1.012740 -0.460336 -0.644471
v -0.938647 -0.426658 -0.767984
v -0.973585 -0.265523 0.796570
v -1.057033 -0.288282 0.672657
v -1.135924 -0.309797 0.516329
v -1.199521 -0.327142 0.327142
v -1.235605 -0.336983 0.112327
v -1.235605 -0.336983 -0.112328
v -1.199521 -0.327142 -0.327142
v -1.135924 -0.309797 -0.516329
v -1.057033 -0.288282 -0.672658
v -0.973585 -0.265523 -0.796570
v -0.992584 -0.090235 0.812114
v -1.081477 -0.098316 0.688212
v -1.166424 -0.106039 0.530192
v -1.235605 -0.112328 0.336983
v -1.275154 -0.115923 0.115923
v -1.275154 -0.115923 -0.115923
v -1.235604 -0.112328 -0.336983
v -1.166424 -0.106039 -0.530193
v -1.081476 -0.098316 -0.688213
v -0.992584 -0.090235 -0.812114
v -0.992584 0.090235 0.812114
v -1.081477 0.098316 0.688212
v -1.166424 0.106039 0.530192
v -1.235605 0.112328 0.336983
v -1.275154 0.115923 0.115923
v -1.275154 0.115923 -0.115923
v -1.235605 0.112328 -0.336983
v -1.166424 0.106039 -0.530193
v -1.081476 0.098316 -0.688213
v -0.992584 0.090235 -0.812114
v -0.973585 0.265523 0.796570
v -1.057033 0.288282 0.672657
v -1.135924 0.309797 0.516329
v -1.199521 0.327142 0.327142
v -1.235605 0.336983 0.112327
v -1.235605 0.336983 -0.112328
v -1.199521 0.327142 -0.327142
v -1.135924 0.309797 -0.516329
v -1.057033 0.288282 -0.672658
v -0.973585 0.265523 -0.796570
v -0.938647 0.426658 0.767983
v -1.012740 0.460336 0.644470
v -1.081477 0.491580 0.491580
v -1.135924 0.516329 0.309797
v -1.166424 0.530193 0.106038
v -1.166424 0.530193 -0.106039
v -1.135924 0.516329 -0.309798
v -1.081476 0.491580 -0.491580
v -1.012740 0.460336 -0.644471
v -0.938647 0.426658 -0.767984
v -0.892644 0.568046 0.730345
v -0.955638 0.608133 0.608133
v -1.012740 0.644471 0.460336
v -1.057033 0.672657 0.288281
v -1.081477 0.688212 0.098316
v -1.081477 0.688212 -0.098316
v -1.057033 0.672657 -0.288282
v -1.012740 0.644471 -0.460336
v -0.955637 0.608133 -0.608133
v -0.892644 0.568046 -0.730345
v -0.840663 0.687815 0.687815
v -0.892644 0.730345 0.568046
v -0.938647 0.767984 0.426657
v -0.973585 0.796570 0.265523
v -0.992584 0.812114 0.090235
v -0.992584 0.812114 -0.090235
v -0.973585 0.796570 -0.265523
v -0.938647 0.767984 -0.426658
v -0.892644 0.730345 -0.568046
v -0.840663 0.687815 -0.687815
v 0.687815 -0.687815 0.840663
v 0.568046 -0.730345 0.892644
v 0.426658 -0.767984 0.938647
v 0.265523 -0.796570 0.973585
v 0.090235 -0.812114 0.992584
v -0.090235 -0.812114 0.992584
v -0.265523 -0.796570 0.973585
v -0.426658 -0.767984 0.938647
v -0.568046 -0.730345 0.892644
v -0.687815 -0.687815 0.840663
v 0.730345 -0.568046 0.892644
v 0.608133 -0.608133 0.955637
v 0.460336 -0.644471 1.012740
v 0.288282 -0.672658 1.057033
v 0.098316 -0.688212 1.081477
v -0.098316 -0.688212 1.081477
v -0.288282 -0.672658 1.057033
v -0.460336 -0.644471 1.012740
v -0.608133 -0.608133 0.955637
v -0.730345 -0.568046 0.892644
v 0.767984 -0.426658 0.938647
v 0.644471 -0.460336 1.012740
v 0.491580 -0.491580 1.081477
v 0.309797 -0.516329 1.135924
v 0.106038 -0.530193 1.166424
v -0.106039 -0.530193 1.166424
v -0.309798 -0.516329 1.135924
v -0.491580 -0.491580 1.081477
v -0.644471 -0.460336 1.012740
v -0.767984 -0.426658 0.938647
v 0.796569 -0.265523 0.973585
v 0.672657 -0.288282 1.057034
v 0.516329 -0.309797 1.135924
v 0.327142 -0.327142 1.199521
v 0.112327 -0.336983 1.235605
v -0.112328 -0.336983 1.235605
v -0.327142 -0.327142 1.199521
v -0.516329 -0.309797 1.135924
v -0.672658 -0.288282 1.057033
v -0.796570 -0.265523 0.973585
v 0.812114 -0.090235 0.992584
v 0.688212 -0.098316 1.081477
v 0.530192 -0.106039 1.166425
v 0.336983 -0.112328 1.235605
v 0.115923 -0.115923 1.275154
v -0.115923 -0.115923 1.275154
v -0.336983 -0.112328 1.235605
v -0.530193 -0.106039 1.166424
v -0.688213 -0.098316 1.081476
v -0.812114 -0.090235 0.992584
v 0.812114 0.090235 0.992584
v 0.688212 0.098316 1.081477
v 0.530192 0.106039 1.166425
v 0.336983 0.112328 1.235605
v 0.115923 0.115923 1.275154
v -0.115923 0.115923 1.275154
v -0.336983 0.112328 1.235605
v -0.530193 0.106039 1.166424
v -0.688213 0.098316 1.081476
v -0.812114 0.090235 0.992584
v 0.796569 0.265523 0.973586
v 0.672657 0.288282 1.057034
v 0.516329 0.309797 1.135924
v 0.327142 0.327142 1.199521
v 0.112327 0.336983 1.235605
v -0.112328 0.336983 1.235605
v -0.327142 0.327142 1.199521
v -0.516329 0.309797 1.135924
v -0.672658 0.288282 1.057033
v -0.796570 0.265523 0.973585
v 0.767983 0.426658 0.938647
v 0.644470 0.460336 1.012740
v 0.491580 0.491580 1.081477
v 0.309797 0.516329 1.135924
v 0.106038 0.530193 1.166424
v -0.106039 0.530193 1.166424
v -0.309798 0.516329 1.135924
v -0.491581 0.491580 1.081476
v -0.644471 0.460336 1.012740
v -0.767984 0.426658 0.938647
v 0.730345 0.568046 0.892644
v 0.608132 0.608133 0.955638
v 0.460336 0.644471 1.012740
v 0.288281 0.672658 1.057033
v 0.098316 0.688212 1.081477
v -0.098316 0.688212 1.081477
v -0.288282 0.672658 1.057033
v -0.460337 0.644471 1.012740
v -0.608133 0.608133 0.955637
v -0.730345 0.568046 0.892644
v 0.687815 0.687815 0.840663
v 0.568046 0.730345 0.892644
v 0.426657 0.767984 0.938647
v 0.265523 0.796570 0.973585
v 0.090234 0.812114 0.992584
v -0.090235 0.812114 0.992584
v -0.265524 0.796570 0.973585
v -0.426658 0.767984 0.938647
v -0.568047 0.730345 0.892644
v -0.687815 0.687815 0.840663
v 0.840663 -0.687815 -0.687815
v 0.892644 -0.730345 -0.568046
v 0.938647 -0.767984 -0.426658
v 0.973585 -0.796570 -0.265523
v 0.992584 -0.812114 -0.090235
v 0.992584 -0.812114 0.090235
v 0.973585 -0.796570 0.265523
v 0.938647 -0.767984 0.426658
v 0.892644 -0.730345 0.568046
v 0.840663 -0.687815 0.687815
v 0.892644 -0.568046 -0.730345
v 0.955637 -0.608133 -0.608133
v 1.012740 -0.644471 -0.460336
v 1.057033 -0.672657 -0.288282
v 1.081477 -0.688212 -0.098316
v 1.081477 -0.688212 0.098316
v 1.057033 -0.672657 0.288282
v 1.012740 -0.644471 0.460336
v 0.955637 -0.608133 0.608133
v 0.892644 -0.568046 0.730345
v 0.938647 -0.426658 -0.767984
v 1.012740 -0.460336 -0.644471
v 1.081477 -0.491580 -0.491580
v 1.135924 -0.516329 -0.309797
v 1.166424 -0.530193 -0.106038
v 1.166424 -0.530193 0.106039
v 1.135924 -0.516329 0.309798
v 1.081476 -0.491580 0.491580
v 1.012740 -0.460336 0.644471
v 0.938647 -0.426658 0.767984
v 0.973585 -0.265523 -0.796569
v 1.057033 -0.288282 -0.672657
v 1.135924 -0.309797 -0.516329
v 1.199521 -0.327142 -0.327142
v 1.235605 -0.336983 -0.112327
v 1.235604 -0.336983 0.112328
v 1.199521 -0.327142 0.327142
v 1.135924 -0.309797 0.516329
v 1.057033 -0.288282 0.672658
v 0.973585 -0.265523 0.796570
v 0.992584 -0.090235 -0.812114
v 1.081477 -0.098316 -0.688212
v 1.166424 -0.106039 -0.530192
v 1.235605 -0.112328 -0.336983
v 1.275154 -0.115923 -0.115923
v 1.275154 -0.115923 0.115923
v 1.235604 -0.112328 0.336983
v 1.166424 -0.106039 0.530193
v 1.081476 -0.098316 0.688213
v 0.992584 -0.090235 0.812114
v 0.992584 0.090235 -0.812114
v 1.081477 0.098316 -0.688212
v 1.166424 0.106039 -0.530192
v 1.235605 0.112328 -0.336983
v 1.275154 0.115923 -0.115923
v 1.275154 0.115923 0.115924
v 1.235605 0.112328 0.336984
v 1.166424 0.106039 0.530193
v 1.081476 0.098316 0.688213
v 0.992583 0.090235 0.812114
v 0.973585 0.265523 -0.796569
v 1.057033 0.288282 -0.672657
v 1.135924 0.309798 -0.516329
v 1.199521 0.327142 -0.327142
v 1.235605 0.336983 -0.112327
v 1.235605 0.336983 0.112328
v 1.199521 0.327142 0.327143
v 1.135924 0.309798 0.516330
v 1.057033 0.288282 0.672658
v 0.973585 0.265523 0.796570
v 0.938647 0.426658 -0.767983
v 1.012740 0.460336 -0.644470
v 1.081477 0.491580 -0.491580
v 1.135924 0.516329 -0.309797
v 1.166424 0.530193 -0.106038
v 1.166424 0.530193 0.106039
v 1.135924 0.516329 0.309798
v 1.081476 0.491580 0.491581
v 1.012739 0.460336 0.644471
v 0.938646 0.426658 0.767984
v 0.892644 0.568046 -0.730345
v 0.955637 0.608133 -0.608132
v 1.012740 0.644471 -0.460336
v 1.057033 0.672658 -0.288281
v 1.081477 0.688212 -0.098316
v 1.081477 0.688212 0.098317
v 1.057033 0.672658 0.288282
v 1.012740 0.644471 0.460337
v 0.955637 0.608133 0.608133
v 0.892644 0.568046 0.730346
v 0.840663 0.687815 -0.687815
v 0.892644 0.730345 -0.568046
v 0.938647 0.767984 -0.426657
v 0.973585 0.796570 -0.265523
v 0.992584 0.812114 -0.090234
v 0.992584 0.812114 0.090235
v 0.973585 0.796570 0.265524
v 0.938647 0.767984 0.426658
v 0.892644 0.730345 0.568047
v 0.840663 0.687815 0.687816
v 0.687815 0.840663 -0.687815
v 0.730345 0.892644 -0.568046
v 0.767984 0.938647 -0.426657
v 0.796570 0.973585 -0.265523
v 0.812114 0.992584 -0.090234
v 0.812114 0.992584 0.090235
v 0.796569 0.973585 0.265524
v 0.767984 0.938647 0.426658
v 0.730345 0.892644 0.568047
v 0.687815 0.840663 0.687816
v 0.568046 0.892644 -0.730345
v 0.608133 0.955637 -0.608132
v 0.644471 1.012740 -0.460336
v 0.672658 1.057033 -0.288281
v 0.688212 1.081477 -0.098316
v 0.688212 1.081477 0.098317
v 0.672657 1.057033 0.288282
v 0.644470 1.012740 0.460337
v 0.608132 0.955637 0.608133
v 0.568046 0.892644 0.730345
v 0.426658 0.938647 -0.767983
v 0.460336 1.012740 -0.644470
v 0.491580 1.081477 -0.491580
v 0.516329 1.135924 -0.309797
v 0.530193 1.166424 -0.106038
v 0.530193 1.166424 0.106039
v 0.516329 1.135924 0.309798
v 0.491580 1.081477 0.491581
v 0.460336 1.012740 0.644471
v 0.426657 0.938647 0.767984
v 0.265523 0.973585 -0.796569
v 0.288282 1.057033 -0.672657
v 0.309798 1.135924 -0.516329
v 0.327142 1.199521 -0.327142
v 0.336983 1.235605 -0.112327
v 0.336983 1.235605 0.112328
v 0.327142 1.199521 0.327142
v 0.309797 1.135924 0.516329
v 0.288281 1.057033 0.672658
v 0.265523 0.973585 0.796570
v 0.090235 0.992584 -0.812114
v 0.098316 1.081477 -0.688212
v 0.106039 1.166424 -0.530193
v 0.112328 1.235605 -0.336983
v 0.115923 1.275154 -0.115923
v 0.115923 1.275154 0.115923
v 0.112327 1.235605 0.336983
v 0.106038 1.166424 0.530193
v 0.098316 1.081477 0.688212
v 0.090234 0.992584 0.812114
v -0.090235 0.992584 -0.812114
v -0.098316 1.081477 -0.688212
v -0.106039 1.166424 -0.530193
v -0.112328 1.235605 -0.336983
v -0.115923 1.275154 -0.115923
v -0.115923 1.275154 0.115923
v -0.112328 1.235605 0.336983
v -0.106039 1.166424 0.530193
v -0.098316 1.081477 0.688212
v -0.090235 0.992584 0.812114
v -0.265523 0.973585 -0.796570
v -0.288282 1.057033 -0.672657
v -0.309797 1.135924 -0.516329
v -0.327142 1.199521 -0.327142
v -0.336983 1.235605 -0.112328
v -0.336983 1.235605 0.112328
v -0.327142 1.199521 0.327142
v -0.309798 1.135924 0.516329
v -0.288282 1.057033 0.672657
v -0.265524 0.973585 0.796570
v -0.426658 0.938647 -0.767984
v -0.460336 1.012740 -0.644471
v -0.491580 1.081477 -0.491580
v -0.516329 1.135924 -0.309797
v -0.530193 1.166424 -0.106039
v -0.530193 1.166424 0.106039
v -0.516329 1.135924 0.309797
v -0.491581 1.081477 0.491580
v -0.460337 1.012740 0.644471
v -0.426658 0.938647 0.767984
v -0.568046 0.892644 -0.730345
v -0.608133 0.955637 -0.608133
v -0.644471 1.012740 -0.460336
v -0.672658 1.057033 -0.288282
v -0.688212 1.081477 -0.098316
v -0.688213 1.081477 0.098316
v -0.672658 1.057033 0.288282
v -0.644471 1.012740 0.460336
v -0.608133 0.955637 0.608133
v -0.568047 0.892644 0.730345
v -0.687815 0.840663 -0.687815
v -0.730345 0.892644 -0.568046
v -0.767984 0.938647 -0.426658
v -0.796570 0.973585 -0.265523
v -0.812114 0.992584 -0.090235
v -0.812114 0.992584 0.090235
v -0.796570 0.973585 0.265523
v -0.767984 0.938647 0.426657
v -0.730345 0.892644 0.568046
v -0.687816 0.840663 0.687815
v 0.687815 -0.840663 -0.687815
v 0.568046 -0.892644 -0.730345
v 0.426658 -0.938647 -0.767984
v 0.265523 -0.973585 -0.796570
v 0.090235 -0.992584 -0.812114
v -0.090235 -0.992584 -0.812114
v -0.265523 -0.973585 -0.796570
v -0.426657 -0.938647 -0.767984
v -0.568046 -0.892644 -0.730345
v -0.687815 -0.840663 -0.687815
v 0.730345 -0.892644 -0.568046
v 0.608133 -0.955637 -0.608133
v 0.460336 -1.012740 -0.644471
v 0.288282 -1.057033 -0.672658
v 0.098316 -1.081476 -0.688212
v -0.098316 -1.081476 -0.688213
v -0.288282 -1.057033 -0.672658
v -0.460336 -1.012740 -0.644471
v -0.608133 -0.955637 -0.608133
v -0.730345 -0.892644 -0.568047
v 0.767984 -0.938647 -0.426658
v 0.644471 -1.012740 -0.460336
v 0.491580 -1.081477 -0.491580
v 0.309797 -1.135924 -0.516329
v 0.106039 -1.166424 -0.530193
v -0.106038 -1.166424 -0.530193
v -0.309797 -1.135924 -0.516329
v -0.491580 -1.081477 -0.491580
v -0.644471 -1.012740 -0.460336
v -0.767984 -0.938647 -0.426658
v 0.796570 -0.973585 -0.265523
v 0.672657 -1.057033 -0.288282
v 0.516329 -1.135924 -0.309797
v 0.327142 -1.199521 -0.327142
v 0.112328 -1.235605 -0.336983
v -0.112328 -1.235605 -0.336983
v -0.327142 -1.199521 -0.327142
v -0.516329 -1.135924 -0.309798
v -0.672657 -1.057033 -0.288282
v -0.796569 -0.973585 -0.265523
v 0.812114 -0.992584 -0.090235
v 0.688212 -1.081477 -0.098316
v 0.530193 -1.166424 -0.106039
v 0.336983 -1.235605 -0.112328
v 0.115923 -1.275154 -0.115923
v -0.115923 -1.275154 -0.115923
v -0.336983 -1.235605 -0.112328
v -0.530193 -1.166424 -0.106039
v -0.688212 -1.081477 -0.098316
v -0.812114 -0.992584 -0.090235
v 0.812114 -0.992584 0.090235
v 0.688212 -1.081477 0.098316
v 0.530193 -1.166424 0.106039
v 0.336983 -1.235605 0.112328
v 0.115923 -1.275154 0.115923
v -0.115923 -1.275154 0.115923
v -0.336983 -1.235605 0.112328
v -0.530193 -1.166424 0.106038
v -0.688212 -1.081477 0.098316
v -0.812114 -0.992584 0.090235
v 0.796570 -0.973585 0.265523
v 0.672658 -1.057033 0.288282
v 0.516329 -1.135924 0.309797
v 0.327142 -1.199521 0.327142
v 0.112328 -1.235605 0.336983
v -0.112328 -1.235605 0.336983
v -0.327142 -1.199521 0.327142
v -0.516329 -1.135924 0.309797
v -0.672658 -1.057033 0.288282
v -0.796570 -0.973585 0.265523
v 0.767984 -0.938647 0.426658
v 0.644471 -1.012740 0.460336
v 0.491580 -1.081477 0.491580
v 0.309797 -1.135924 0.516329
v 0.106039 -1.166424 0.530193
v -0.106039 -1.166424 0.530193
v -0.309798 -1.135924 0.516329
v -0.491580 -1.081477 0.491580
v -0.644471 -1.012740 0.460336
v -0.767984 -0.938647 0.426657
v 0.730345 -0.892644 0.568046
v 0.608133 -0.955637 0.608133
v 0.460336 -1.012740 0.644471
v 0.288282 -1.057033 0.672657
v 0.098316 -1.081477 0.688212
v -0.098316 -1.081477 0.688212
v -0.288282 -1.057033 0.672657
v -0.460336 -1.012740 0.644471
v -0.608133 -0.955637 0.608133
v -0.730345 -0.892644 0.568046
v 0.687815 -0.840663 0.687815
v 0.568046 -0.892644 0.730345
v 0.426658 -0.938647 0.767984
v 0.265523 -0.973585 0.796570
v 0.090235 -0.992584 0.812114
v -0.090235 -0.992584 0.812114
v -0.265523 -0.973585 0.796570
v -0.426658 -0.938647 0.767984
v -0.568046 -0.892644 0.730345
v -0.687815 -0.840663 0.687815
vt 0.000000 0.000000
vt 1.000000 1.000000
vt 0.000000 1.000000
vt 0.000000 0.000000
vt 1.000000 1.000000
vt 0.000000 1.000000
vt 0.000000 0.000000
vt 1.000000 1.000000
vt 0.000000 1.000000
vt 0.000000 0.000000
vt 0.000000 1.000000
vt 0.000000 0.000000
vt 1.000000 1.000000
vt 0.000000 1.000000
vt 0.000000 0.000000
vt 1.000000 1.000000
vt 0.000000 1.000000
vt 1.000000 0.000000
vt 0.000000 1.000000
vt 0.000000 0.000000
vt 1.000000 0.000000
vt 0.000000 0.000000
vt 1.000000 0.000000
vt 0.000000 1.000000
vt 0.000000 0.000000
vt 1.000000 0.000000
vt 0.000000 1.000000
vt 0.000000 0.000000
vt 1.000000 0.000000
vt 0.000000 1.000000
vt 0.000000 0.000000
vt 0.000000 0.000000
vt 1.000000 1.000000
vt 0.000000 1.000000
vt 0.000000 0.000000
vt 1.000000 1.000000
vt 0.000000 1.000000
vt 0.000000 0.000000
vt 1.000000 1.000000
vt 0.000000 1.000000
vt 0.000000 0.000000
vt 1.000000 1.000000
vt 0.000000 1.000000
vt 0.000000 0.000000
vt 1.000000 1.000000
vt 0.000000 1.000000
vt 0.000000 0.000000
vt 1.000000 1.000000
vt 0.000000 1.000000
vt 0.000000 0.000000
vt 1.000000 1.000000
vt 0.000000 1.000000
vt 0.000000 0.000000
vt 1.000000 1.000000
vt 0.000000 1.000000
vt 0.000000 0.000000
vt 1.000000 1.000000
vt 0.000000 1.000000
vt 0.000000 0.000000
vt 1.000000 1.000000
vt 0.000000 1.000000
vt 1.000000 0.000000
vt 0.000000 1.000000
vt 0.000000 0.000000
vt 1.000000 0.000000
vt 0.000000 1.000000
vt 0.000000 0.000000
vt 1.000000 0.000000
vt 0.000000 1.000000
vt 0.000000 0.000000
vt 1.000000 0.000000
vt 0.000000 1.000000
vt 0.000000 0.000000
vt 1.000000 0.000000
vt 0.000000 1.000000
vt 0.000000 0.000000
vt 0.000000 0.000000
vt 1.000000 1.000000
vt 0.000000 1.000000
vt 0.000000 0.000000
vt 1.000000 1.000000
vt 0.000000 1.000000
vt 0.000000 0.000000
vt 1.000000 1.000000
vt 0.000000 1.000000
vt 0.000000 0.000000
vt 1.000000 1.000000
vt 0.000000 1.000000
vt 0.000000 0.000000
vt 1.000000 1.000000
vt 0.000000 1.000000
vt 1.000000 0.000000
vt 0.000000 1.000000
vt 0.000000 0.000000
vt 1.000000 0.000000
vt 0.000000 1.000000
vt 0.000000 0.000000
vt 1.000000 0.000000
vt 0.000000 1.000000
vt 0.000000 0.000000
vt 1.000000 0.000000
vt 0.000000 1.000000
vt 0.000000 0.000000
vt 1.000000 0.000000
vt 0.000000 1.000000
vt 0.000000 0.000000
vt 0.000000 0.000000
vt 1.000000 1.000000
vt 0.000000 1.000000
vt 0.000000 0.000000
vt 1.000000 1.000000
vt 0.000000 1.000000
vt 0.000000 0.000000
vt 1.000000 1.000000
vt 0.000000 1.000000
vt 0.000000 0.000000
vt 1.000000 1.000000
vt 0.000000 1.000000
vt 0.000000 0.000000
vt 1.000000 1.000000
vt 0.000000 1.000000
vt 1.000000 0.000000
vt 0.000000 1.000000
vt 0.000000 0.000000
vt 1.000000 0.000000
vt 0.000000 1.000000
vt 0.000000 0.000000
vt 1.000000 0.000000
vt 0.000000 1.000000
vt 0.000000 0.000000
vt 1.000000 0.000000
vt 0.000000 1.000000
vt 0.000000 0.000000
vt 1.000000 0.000000
vt 0.000000 1.000000
vt 0.000000 0.000000
vt 0.000000 0.000000
vt 1.000000 1.000000
vt 0.000000 1.000000
vt 0.000000 0.000000
vt 1.000000 1.000000
vt 0.000000 1.000000
vt 0.000000 0.000000
vt 1.000000 1.000000
vt 0.000000 1.000000
vt 0.000000 0.000000
vt 1.000000 1.000000
vt 0.000000 1.000000
vt 0.000000 0.000000
vt 1.000000 1.000000
vt 0.000000 1.000000
vt 0.000000 0.000000
vt 1.000000 1.000000
vt 0.000000 1.000000
vt 1.000000 0.000000
vt 0.000000 1.000000
vt 0.000000 0.000000
vt 1.000000 0.000000
vt 0.000000 1.000000
vt 0.000000 0.000000
vt 1.000000 0.000000
vt 0.000000 1.000000
vt 0.000000 0.000000
vt 1.000000 0.000000
vt 0.000000 1.000000
vt 0.000000 0.000000
vt 0.000000 0.000000
vt 1.000000 1.000000
vt 0.000000 1.000000
vt 0.000000 0.000000
vt 1.000000 1.000000
vt 0.000000 1.000000
vt 0.000000 0.000000
vt 1.000000 1.000000
vt 0.000000 1.000000
vt 0.000000 0.000000
vt 1.000000 1.000000
vt 0.000000 1.000000
vt 0.000000 0.000000
vt 1.000000 1.000000
vt 0.000000 1.000000
vt 1.000000 0.000000
vt 0.000000 1.000000
vt 0.000000 0.000000
vt 1.000000 0.000000
vt 0.000000 1.000000
vt 0.000000 0.000000
vt 1.000000 0.000000
vt 0.000000 1.000000
vt 0.000000 0.000000
vt 1.000000 0.000000
vt 0.000000 1.000000
vt 0.000000 0.000000
vt 1.000000 0.000000
vt 0.000000 1.000000
vt 0.000000 0.000000
vt 1.000000 0.000000
vt 0.000000 1.000000
vt 0.000000 0.000000
vt 1.000000 0.000000
vt 0.000000 1.000000
vt 0.000000 0.000000
vt 1.000000 0.000000
vt 0.000000 1.000000
vt 0.000000 0.000000
vt 1.000000 0.000000
vt 0.000000 1.000000
vt 0.000000 0.000000
vt 1.000000 0.000000
vt 0.000000 1.000000
vt 0.000000 0.000000
vt 1.000000 0.000000
vt 0.000000 1.000000
vt 0.000000 0.000000
vt 1.000000 0.000000
vt 0.000000 1.000000
vt 0.000000 0.000000
vt 1.000000 0.000000
vt 0.000000 1.000000
vt 0.000000 0.000000
vt 0.000000 0.000000
vt 1.000000 1.000000
vt 0.000000 1.000000
vt 1.000000 0.000000
vt 0.000000 1.000000
vt 0.000000 0.000000
vt 1.000000 0.000000
vt 0.000000 1.000000
vt 0.000000 0.000000
vt 1.000000 0.000000
vt 0.000000 1.000000
vt 0.000000 0.000000
vt 1.000000 0.000000
vt 0.000000 1.000000
vt 0.000000 0.000000
vt 1.000000 0.000000
vt 0.000000 1.000000
vt 0.000000 0.000000
vt 1.000000 0.000000
vt 0.000000 1.000000
vt 0.000000 0.000000
vt 1.000000 0.000000
vt 0.000000 1.000000
vt 0.000000 0.000000
vt 0.000000 0.000000
vt 1.000000 1.000000
vt 0.000000 1.000000
vt 0.000000 0.000000
vt 1.000000 1.000000
vt 0.000000 1.000000
vt 0.000000 0.000000
vt 1.000000 1.000000
vt 0.000000 1.000000
vt 0.000000 0.000000
vt 1.000000 1.000000
vt 0.000000 1.000000
vt 1.000000 0.000000
vt 0.000000 1.000000
vt 0.000000 0.000000
vt 1.000000 0.000000
vt 0.000000 1.000000
vt 0.000000 0.000000
vt 1.000000 0.000000
vt 0.000000 1.000000
vt 0.000000 0.000000
vt 1.000000 0.000000
vt 0.000000 1.000000
vt 0.000000 0.000000
vt 1.000000 0.000000
vt 0.000000 1.000000
vt 0.000000 0.000000
vt 1.000000 0.000000
vt 0.000000 1.000000
vt 0.000000 0.000000
vt 0.000000 0.000000
vt 1.000000 1.000000
vt 0.000000 1.000000
vt 0.000000 0.000000
vt 1.000000 1.000000
vt 0.000000 1.000000
vt 0.000000 0.000000
vt 1.000000 1.000000
vt 0.000000 1.000000
vt 0.000000 0.000000
vt 1.000000 1.000000
vt 0.000000 1.000000
vt 1.000000 0.000000
vt 0.000000 1.000000
vt 0.000000 0.000000
vt 1.000000 0.000000
vt 0.000000 1.000000
vt 0.000000 0.000000
vt 1.000000 0.000000
vt 0.000000 1.000000
vt 0.000000 0.000000
vt 1.000000 0.000000
vt 0.000000 1.000000
vt 0.000000 0.000000
vt 1.000000 0.000000
vt 0.000000 1.000000
vt 0.000000 0.000000
vt 0.000000 0.000000
vt 1.000000 1.000000
vt 0.000000 1.000000
vt 0.000000 0.000000
vt 1.000000 1.000000
vt 0.000000 1.000000
vt 0.000000 0.000000
vt 1.000000 1.000000
vt 0.000000 1.000000
vt 0.000000 0.000000
vt 1.000000 1.000000
vt 0.000000 1.000000
vt 0.000000 0.000000
vt 1.000000 1.000000
vt 0.000000 1.000000
vt 1.000000 0.000000
vt 0.000000 1.000000
vt 0.000000 0.000000
vt 1.000000 0.000000
vt 0.000000 1.000000
vt 0.000000 0.000000
vt 1.000000 0.000000
vt 0.000000 1.000000
vt 0.000000 0.000000
vt 1.000000 0.000000
vt 0.000000 1.000000
vt 0.000000 0.000000
vt 1.000000 0.000000
vt 0.000000 1.000000
vt 0.000000 0.000000
vt 1.000000 0.000000
vt 0.000000 1.000000
vt 0.000000 0.000000
vt 0.000000 0.000000
vt 1.000000 1.000000
vt 0.000000 1.000000
vt 0.000000 0.000000
vt 1.000000 1.000000
vt 0.000000 1.000000
vt 0.000000 0.000000
vt 1.000000 1.000000
vt 0.000000 1.000000
vt 0.000000 0.000000
vt 1.000000 1.000000
vt 0.000000 1.000000
vt 1.000000 0.000000
vt 0.000000 1.000000
vt 0.000000 0.000000
vt 1.000000 0.000000
vt 0.000000 1.000000
vt 0.000000 0.000000
vt 1.000000 0.000000
vt 0.000000 1.000000
vt 0.000000 0.000000
vt 1.000000 0.000000
vt 0.000000 1.000000
vt 0.000000 0.000000
vt 1.000000 0.000000
vt 0.000000 1.000000
vt 0.000000 0.000000
vt 1.000000 0.000000
vt 0.000000 1.000000
vt 0.000000 0.000000
vt 0.000000 0.000000
vt 1.000000 1.000000
vt 0.000000 1.000000
vt 0.000000 0.000000
vt 1.000000 1.000000
vt 0.000000 1.000000
vt 0.000000 0.000000
vt 1.000000 1.000000
vt 0.000000 1.000000
vt 0.000000 0.000000
vt 1.000000 1.000000
vt 0.000000 1.000000
vt 1.000000 0.000000
vt 0.000000 1.000000
vt 0.000000 0.000000
vt 1.000000 0.000000
vt 0.000000 0.000000
vt 1.000000 0.000000
vt 0.000000 0.000000
vt 1.000000 0.000000
vt 0.000000 0.000000
vt 1.000000 0.000000
vt 0.000000 0.000000
vt 0.000000 0.000000
vt 1.000000 1.000000
vt 0.000000 0.000000
vt 1.000000 1.000000
vt 0.000000 0.000000
vt 1.000000 1.000000
vt 0.000000 0.000000
vt 1.000000 1.000000
vt 0.000000 0.000000
vt 1.000000 1.000000
vt 0.000000 0.000000
vt 1.000000 1.000000
vt 0.000000 0.000000
vt 1.000000 1.000000
vt 0.000000 1.000000
vt 0.000000 0.000000
vt 1.000000 1.000000
vt 0.000000 1.000000
vt 0.000000 0.000000
vt 1.000000 1.000000
vt 0.000000 1.000000
vt 0.000000 0.000000
vt 1.000000 1.000000
vt 0.000000 1.000000
vt 1.000000 0.000000
vt 0.000000 1.000000
vt 0.000000 0.000000
vt 1.000000 0.000000
vt 0.000000 1.000000
vt 0.000000 0.000000
vt 1.000000 0.000000
vt 0.000000 1.000000
vt 0.000000 0.000000
vt 1.000000 0.000000
vt 0.000000 1.000000
vt 0.000000 0.000000
vt 1.000000 0.000000
vt 0.000000 1.000000
vt 0.000000 0.000000
vt 0.000000 0.000000
vt 1.000000 1.000000
vt 0.000000 1.000000
vt 0.000000 0.000000
vt 1.000000 1.000000
vt 0.000000 1.000000
vt 0.000000 0.000000
vt 1.000000 1.000000
vt 0.000000 1.000000
vt 0.000000 0.000000
vt 1.000000 1.000000
vt 0.000000 1.000000
vt 0.000000 0.000000
vt 1.000000 1.000000
vt 0.000000 1.000000
vt 1.000000 0.000000
vt 0.000000 1.000000
vt 0.000000 0.000000
vt 1.000000 0.000000
vt 0.000000 1.000000
vt 0.000000 0.000000
vt 1.000000 0.000000
vt 0.000000 1.000000
vt 0.000000 0.000000
vt 1.000000 0.000000
vt 0.000000 1.000000
vt 0.000000 0.000000
vt 1.000000 0.000000
vt 0.000000 1.000000
vt 0.000000 0.000000
vt 0.000000 0.000000
vt 1.000000 1.000000
vt 0.000000 1.000000
vt 0.000000 0.000000
vt 1.000000 1.000000
vt 0.000000 1.000000
vt 0.000000 0.000000
vt 1.000000 1.000000
vt 0.000000 1.000000
vt 0.000000 0.000000
vt 1.000000 1.000000
vt 0.000000 1.000000
vt 0.000000 0.000000
vt 1.000000 1.000000
vt 0.000000 1.000000
vt 1.000000 0.000000
vt 0.000000 1.000000
vt 0.000000 0.000000
vt 1.000000 0.000000
vt 0.000000 1.000000
vt 0.000000 0.000000
vt 1.000000 0.000000
vt 0.000000 1.000000
vt 0.000000 0.000000
vt 1.000000 0.000000
vt 0.000000 1.000000
vt 0.000000 0.000000
vt 1.000000 0.000000
vt 0.000000 1.000000
vt 0.000000 0.000000
vt 0.000000 0.000000
vt 1.000000 1.000000
vt 0.000000 1.000000
vt 0.000000 0.000000
vt 1.000000 1.000000
vt 0.000000 1.000000
vt 0.000000 0.000000
vt 1.000000 1.000000
vt 0.000000 1.000000
vt 0.000000 0.000000
vt 1.000000 1.000000
vt 0.000000 1.000000
vt 0.000000 0.000000
vt 1.000000 1.000000
vt 0.000000 1.000000
vt 0.000000 0.000000
vt 1.000000 1.000000
vt 0.000000 1.000000
vt 1.000000 0.000000
vt 0.000000 1.000000
vt 0.000000 0.000000
vt 1.000000 0.000000
vt 0.000000 1.000000
vt 0.000000 0.000000
vt 1.000000 0.000000
vt 0.000000 1.000000
vt 0.000000 0.000000
vt 1.000000 0.000000
vt 0.000000 1.000000
vt 0.000000 0.000000
vt 0.000000 0.000000
vt 1.000000 1.000000
vt 0.000000 1.000000
vt 0.000000 0.000000
vt 1.000000 1.000000
vt 0.000000 1.000000
vt 0.000000 0.000000
vt 1.000000 1.000000
vt 0.000000 1.000000
vt 0.000000 0.000000
vt 1.000000 1.000000
vt 0.000000 1.000000
vt 0.000000 0.000000
vt 1.000000 1.000000
vt 0.000000 1.000000
vt 1.000000 0.000000
vt 0.000000 1.000000
vt 0.000000 0.000000
vt 1.000000 0.000000
vt 0.000000 1.000000
vt 0.000000 0.000000
vt 1.000000 0.000000
vt 0.000000 1.000000
vt 0.000000 0.000000
vt 1.000000 0.000000
vt 0.000000 1.000000
vt 0.000000 0.000000
vt 1.000000 0.000000
vt 0.000000 1.000000
vt 0.000000 0.000000
vt 1.000000 0.000000
vt 0.000000 1.000000
vt 0.000000 0.000000
vt 1.000000 0.000000
vt 0.000000 1.000000
vt 0.000000 0.000000
vt 1.000000 0.000000
vt 0.000000 1.000000
vt 0.000000 0.000000
vt 1.000000 0.000000
vt 0.000000 1.000000
vt 0.000000 0.000000
vt 1.000000 0.000000
vt 0.000000 1.000000
vt 0.000000 0.000000
vt 0.000000 0.000000
vt 1.000000 1.000000
vt 0.000000 1.000000
vt 1.000000 0.000000
vt 0.000000 1.000000
vt 0.000000 0.000000
vt 1.000000 0.000000
vt 0.000000 1.000000
vt 0.000000 0.000000
vt 0.000000 0.000000
vt 1.000000 1.000000
vt 0.000000 1.000000
vt 0.000000 0.000000
vt 1.000000 1.000000
vt 0.000000 1.000000
vt 1.000000 0.000000
vt 0.000000 1.000000
vt 0.000000 0.000000
vt 1.000000 0.000000
vt 0.000000 1.000000
vt 0.000000 0.000000
vt 1.000000 0.000000
vt 0.000000 1.000000
vt 0.000000 0.000000
vt 1.000000 0.000000
vt 0.000000 1.000000
vt 0.000000 0.000000
vt 1.000000 0.000000
vt 0.000000 1.000000
vt 0.000000 0.000000
vt 1.000000 0.000000
vt 0.000000 1.000000
vt 0.000000 0.000000
vt 0.000000 0.000000
vt 1.000000 1.000000
vt 0.000000 1.000000
vt 0.000000 0.000000
vt 1.000000 1.000000
vt 0.000000 1.000000
vt 0.000000 0.000000
vt 1.000000 1.000000
vt 0.000000 1.000000
vt 0.000000 0.000000
vt 1.000000 1.000000
vt 0.000000 1.000000
vt 1.000000 0.000000
vt 0.000000 1.000000
vt 0.000000 0.000000
vt 1.000000 0.000000
vt 0.000000 1.000000
vt 0.000000 0.000000
vt 1.000000 0.000000
vt 0.000000 1.000000
vt 0.000000 0.000000
vt 1.000000 0.000000
vt 0.000000 1.000000
vt 0.000000 0.000000
vt 1.000000 0.000000
vt 0.000000 1.000000
vt 0.000000 0.000000
vt 1.000000 0.000000
vt 0.000000 1.000000
vt 0.000000 0.000000
vt 0.000000 0.000000
vt 1.000000 1.000000
vt 0.000000 1.000000
vt 0.000000 0.000000
vt 1.000000 1.000000
vt 0.000000 1.000000
vt 0.000000 0.000000
vt 1.000000 1.000000
vt 0.000000 1.000000
vt 0.000000 0.000000
vt 1.000000 1.000000
vt 0.000000 1.000000
vt 1.000000 0.000000
vt 0.000000 1.000000
vt 0.000000 0.000000
vt 1.000000 0.000000
vt 0.000000 1.000000
vt 0.000000 0.000000
vt 1.000000 0.000000
vt 0.000000 1.000000
vt 0.000000 0.000000
vt 1.000000 0.000000
vt 0.000000 1.000000
vt 0.000000 0.000000
vt 1.000000 0.000000
vt 0.000000 1.000000
vt 0.000000 0.000000
vt 0.000000 0.000000
vt 1.000000 1.000000
vt 0.000000 1.000000
vt 0.000000 0.000000
vt 1.000000 1.000000
vt 0.000000 1.000000
vt 0.000000 0.000000
vt 1.000000 1.000000
vt 0.000000 1.000000
vt 0.000000 0.000000
vt 1.000000 1.000000
vt 0.000000 1.000000
vt 0.000000 0.000000
vt 1.000000 1.000000
vt 0.000000 1.000000
vt 1.000000 0.000000
vt 0.000000 1.000000
vt 0.000000 0.000000
vt 1.000000 0.000000
vt 0.000000 1.000000
vt 0.000000 0.000000
vt 1.000000 0.000000
vt 0.000000 1.000000
vt 0.000000 0.000000
vt 1.000000 0.000000
vt 0.000000 1.000000
vt 0.000000 0.000000
vt 1.000000 0.000000
vt 0.000000 1.000000
vt 0.000000 0.000000
vt 0.000000 0.000000
vt 1.000000 1.000000
vt 0.000000 1.000000
vt 0.000000 0.000000
vt 1.000000 1.000000
vt 0.000000 1.000000
vt 0.000000 0.000000
vt 1.000000 1.000000
vt 0.000000 1.000000
vt 0.000000 0.000000
vt 1.000000 1.000000
vt 0.000000 1.000000
vt 0.000000 0.000000
vt 1.000000 1.000000
vt 0.000000 1.000000
vt 1.000000 0.000000
vt 0.000000 1.000000
vt 0.000000 0.000000
vt 1.000000 0.000000
vt 0.000000 1.000000
vt 0.000000 0.000000
vt 1.000000 0.000000
vt 0.000000 1.000000
vt 0.000000 0.000000
vt 1.000000 0.000000
vt 0.000000 1.000000
vt 0.000000 0.000000
vt 1.000000 0.000000
vt 0.000000 1.000000
vt 0.000000 0.000000
vt 0.000000 0.000000
vt 1.000000 1.000000
vt 0.000000 1.000000
vt 0.000000 0.000000
vt 1.000000 1.000000
vt 0.000000 1.000000
vt 0.000000 0.000000
vt 1.000000 1.000000
vt 0.000000 1.000000
vt 0.000000 0.000000
vt 1.000000 1.000000
vt 0.000000 1.000000
vt 0.000000 0.000000
vt 1.000000 1.000000
vt 0.000000 1.000000
vt 1.000000 0.000000
vt 0.000000 1.000000
vt 0.000000 0.000000
vt 1.000000 0.000000
vt 0.000000 1.000000
vt 0.000000 0.000000
vt 1.000000 0.000000
vt 0.000000 1.000000
vt 0.000000 0.000000
vt 1.000000 0.000000
vt 0.000000 1.000000
vt 0.000000 0.000000
vt 1.000000 0.000000
vt 0.000000 1.000000
vt 0.000000 0.000000
vt 1.000000 0.000000
vt 0.000000 1.000000
vt 0.000000 0.000000
vt 0.000000 0.000000
vt 1.000000 1.000000
vt 0.000000 1.000000
vt 0.000000 0.000000
vt 1.000000 1.000000
vt 0.000000 1.000000
vt 0.000000 0.000000
vt 1.000000 1.000000
vt 0.000000 1.000000
vt 0.000000 0.000000
vt 1.000000 1.000000
vt 0.000000 1.000000
vt 0.000000 0.000000
vt 1.000000 1.000000
vt 0.000000 1.000000
vt 0.000000 0.000000
vt 1.000000 1.000000
vt 0.000000 1.000000
vt 0.000000 0.000000
vt 1.000000 1.000000
vt 0.000000 1.000000
vt 0.000000 0.000000
vt 1.000000 1.000000
vt 0.000000 1.000000
vt 0.000000 0.000000
vt 1.000000 1.000000
vt 0.000000 1.000000
vt 1.000000 0.000000
vt 0.000000 1.000000
vt 0.000000 0.000000
vt 1.000000 0.000000
vt 0.000000 1.000000
vt 0.000000 0.000000
vt 1.000000 0.000000
vt 0.000000 1.000000
vt 0.000000 0.000000
vt 1.000000 0.000000
vt 0.000000 1.000000
vt 0.000000 0.000000
vt 1.000000 0.000000
vt 0.000000 1.000000
vt 0.000000 0.000000
vt 0.000000 0.000000
vt 1.000000 1.000000
vt 0.000000 1.000000
vt 0.000000 0.000000
vt 1.000000 1.000000
vt 0.000000 1.000000
vt 0.000000 0.000000
vt 1.000000 1.000000
vt 0.000000 1.000000
vt 0.000000 0.000000
vt 1.000000 1.000000
vt 0.000000 1.000000
vt 0.000000 0.000000
vt 1.000000 1.000000
vt 0.000000 1.000000
vt 1.000000 0.000000
vt 0.000000 1.000000
vt 0.000000 0.000000
vt 1.000000 0.000000
vt 0.000000 1.000000
vt 0.000000 0.000000
vt 1.000000 0.000000
vt 0.000000 1.000000
vt 0.000000 0.000000
vt 1.000000 0.000000
vt 0.000000 1.000000
vt 0.000000 0.000000
vt 1.000000 0.000000
vt 0.000000 1.000000
vt 0.000000 0.000000
vt 0.000000 0.000000
vt 1.000000 1.000000
vt 0.000000 1.000000
vt 0.000000 0.000000
vt 1.000000 1.000000
vt 0.000000 1.000000
vt 0.000000 0.000000
vt 1.000000 1.000000
vt 0.000000 1.000000
vt 0.000000 0.000000
vt 1.000000 1.000000
vt 0.000000 1.000000
vt 0.000000 0.000000
vt 1.000000 1.000000
vt 0.000000 1.000000
vt 1.000000 0.000000
vt 0.000000 1.000000
vt 0.000000 0.000000
vt 1.000000 0.000000
vt 0.000000 1.000000
vt 0.000000 0.000000
vt 1.000000 0.000000
vt 0.000000 1.000000
vt 0.000000 0.000000
vt 1.000000 0.000000
vt 0.000000 1.000000
vt 0.000000 0.000000
vt 1.000000 0.000000
vt 0.000000 1.000000
vt 0.000000 0.000000
vt 0.000000 0.000000
vt 1.000000 1.000000
vt 0.000000 1.000000
vt 0.000000 0.000000
vt 1.000000 1.000000
vt 0.000000 1.000000
vt 0.000000 0.000000
vt 1.000000 1.000000
vt 0.000000 1.000000
vt 0.000000 0.000000
vt 1.000000 1.000000
vt 0.000000 1.000000
vt 0.000000 0.000000
vt 1.000000 1.000000
vt 0.000000 1.000000
vt 1.000000 0.000000
vt 0.000000 1.000000
vt 0.000000 0.000000
vt 1.000000 0.000000
vt 0.000000 1.000000
vt 0.000000 0.000000
vt 1.000000 0.000000
vt 0.000000 1.000000
vt 0.000000 0.000000
vt 1.000000 0.000000
vt 0.000000 1.000000
vt 0.000000 0.000000
vt 1.000000 0.000000
vt 0.000000 1.000000
vt 0.000000 0.000000
vt 0.000000 0.000000
vt 1.000000 1.000000
vt 0.000000 1.000000
vt 0.000000 0.000000
vt 1.000000 1.000000
vt 0.000000 1.000000
vt 0.000000 0.000000
vt 1.000000 1.000000
vt 0.000000 1.000000
vt 0.000000 0.000000
vt 1.000000 1.000000
vt 0.000000 1.000000
vt 0.000000 0.000000
vt 1.000000 1.000000
vt 0.000000 1.000000
vt 1.000000 0.000000
vt 0.000000 1.000000
vt 0.000000 0.000000
vt 1.000000 0.000000
vt 0.000000 1.000000
vt 0.000000 0.000000
vt 1.000000 0.000000
vt 0.000000 1.000000
vt 0.000000 0.000000
vt 1.000000 0.000000
vt 0.000000 1.000000
vt 0.000000 0.000000
vt 1.000000 0.000000
vt 0.000000 1.000000
vt 0.000000 0.000000
vt 1.000000 0.000000
vt 0.000000 1.000000
vt 0.000000 0.000000
vt 1.000000 0.000000
vt 0.000000 1.000000
vt 0.000000 0.000000
vt 1.000000 0.000000
vt 0.000000 1.000000
vt 0.000000 0.000000
vt 1.000000 0.000000
vt 0.000000 1.000000
vt 0.000000 0.000000
vt 1.000000 0.000000
vt 0.000000 1.000000
vt 0.000000 0.000000
vt 1.000000 0.000000
vt 0.000000 1.000000
vt 0.000000 0.000000
vt 1.000000 0.000000
vt 0.000000 1.000000
vt 0.000000 0.000000
vt 1.000000 0.000000
vt 0.000000 1.000000
vt 0.000000 0.000000
vt 1.000000 0.000000
vt 0.000000 1.000000
vt 0.000000 0.000000
vt 1.000000 0.000000
vt 0.000000 1.000000
vt 0.000000 0.000000
vt 1.000000 0.000000
vt 0.000000 1.000000
vt 0.000000 0.000000
vt 1.000000 0.000000
vt 0.000000 1.000000
vt 0.000000 0.000000
vt 1.000000 0.000000
vt 0.000000 1.000000
vt 0.000000 0.000000
vt 1.000000 0.000000
vt 0.000000 1.000000
vt 0.000000 0.000000
vt 1.000000 0.000000
vt 0.000000 1.000000
vt 0.000000 0.000000
vt 1.000000 0.000000
vt 0.000000 1.000000
vt 0.000000 0.000000
vt 0.000000 0.000000
vt 1.000000 1.000000
vt 0.000000 1.000000
vt 0.000000 0.000000
vt 1.000000 1.000000
vt 0.000000 1.000000
vt 0.000000 0.000000
vt 1.000000 1.000000
vt 0.000000 1.000000
vt 0.000000 0.000000
vt 1.000000 1.000000
vt 0.000000 1.000000
vt 1.000000 0.000000
vt 0.000000 1.000000
vt 0.000000 0.000000
vt 1.000000 0.000000
vt 0.000000 1.000000
vt 0.000000 0.000000
vt 1.000000 0.000000
vt 0.000000 1.000000
vt 0.000000 0.000000
vt 1.000000 0.000000
vt 0.000000 1.000000
vt 0.000000 0.000000
vt 1.000000 0.000000
vt 0.000000 1.000000
vt 0.000000 0.000000
vt 1.000000 0.000000
vt 0.000000 1.000000
vt 0.000000 0.000000
vt 0.000000 0.000000
vt 1.000000 1.000000
vt 0.000000 1.000000
vt 0.000000 0.000000
vt 1.000000 1.000000
vt 0.000000 1.000000
vt 0.000000 0.000000
vt 1.000000 1.000000
vt 0.000000 1.000000
vt 0.000000 0.000000
vt 1.000000 1.000000
vt 0.000000 1.000000
vt 1.000000 0.000000
vt 0.000000 1.000000
vt 0.000000 0.000000
vt 1.000000 0.000000
vt 0.000000 1.000000
vt 0.000000 0.000000
vt 1.000000 0.000000
vt 0.000000 1.000000
vt 0.000000 0.000000
vt 1.000000 0.000000
vt 0.000000 1.000000
vt 0.000000 0.000000
vt 1.000000 0.000000
vt 0.000000 1.000000
vt 0.000000 0.000000
vt 1.000000 0.000000
vt 0.000000 1.000000
vt 0.000000 0.000000
vt 0.000000 0.000000
vt 1.000000 1.000000
vt 0.000000 1.000000
vt 0.000000 0.000000
vt 1.000000 1.000000
vt 0.000000 1.000000
vt 0.000000 0.000000
vt 1.000000 1.000000
vt 0.000000 1.000000
vt 0.000000 0.000000
vt 1.000000 1.000000
vt 0.000000 1.000000
vt 1.000000 0.000000
vt 0.000000 1.000000
vt 0.000000 0.000000
vt 1.000000 0.000000
vt 0.000000 1.000000
vt 0.000000 0.000000
vt 1.000000 0.000000
vt 0.000000 1.000000
vt 0.000000 0.000000
vt 1.000000 0.000000
vt 0.000000 1.000000
vt 0.000000 0.000000
vt 1.000000 0.000000
vt 0.000000 1.000000
vt 0.000000 0.000000
vt 1.000000 0.000000
vt 0.000000 1.000000
vt 0.000000 0.000000
vt 0.000000 0.000000
vt 1.000000 1.000000
vt 0.000000 1.000000
vt 0.000000 0.000000
vt 1.000000 1.000000
vt 0.000000 1.000000
vt 0.000000 0.000000
vt 1.000000 1.000000
vt 0.000000 1.000000
vt 0.000000 0.000000
vt 1.000000 1.000000
vt 0.000000 1.000000
vt 1.000000 0.000000
vt 0.000000 1.000000
vt 0.000000 0.000000
vt 1.000000 0.000000
vt 0.000000 1.000000
vt 0.000000 0.000000
vt 1.000000 0.000000
vt 0.000000 1.000000
vt 0.000000 0.000000
vt 1.000000 0.000000
vt 0.000000 1.000000
vt 0.000000 0.000000
vt 1.000000 0.000000
vt 0.000000 1.000000
vt 0.000000 0.000000
vt 1.000000 0.000000
vt 0.000000 1.000000
vt 0.000000 0.000000
vt 0.000000 0.000000
vt 1.000000 1.000000
vt 0.000000 1.000000
vt 0.000000 0.000000
vt 1.000000 1.000000
vt 0.000000 1.000000
vt 0.000000 0.000000
vt 1.000000 1.000000
vt 0.000000 1.000000
vt 0.000000 0.000000
vt 1.000000 1.000000
vt 0.000000 1.000000
vt 1.000000 0.000000
vt 0.000000 1.000000
vt 0.000000 0.000000
vt 1.000000 0.000000
vt 0.000000 1.000000
vt 0.000000 0.000000
vt 1.000000 0.000000
vt 0.000000 1.000000
vt 0.000000 0.000000
vt 1.000000 0.000000
vt 0.000000 1.000000
vt 0.000000 0.000000
vt 1.000000 0.000000
vt 0.000000 1.000000
vt 0.000000 0.000000
vt 1.000000 0.000000
vt 0.000000 1.000000
vt 0.000000 0.000000
vt 0.000000 0.000000
vt 1.000000 1.000000
vt 0.000000 1.000000
vt 0.000000 0.000000
vt 1.000000 1.000000
vt 0.000000 1.000000
vt 0.000000 0.000000
vt 1.000000 1.000000
vt 0.000000 1.000000
vt 0.000000 0.000000
vt 1.000000 1.000000
vt 0.000000 1.000000
vt 0.000000 0.000000
vt 1.000000 1.000000
vt 0.000000 1.000000
vt 0.000000 0.000000
vt 1.000000 1.000000
vt 0.000000 1.000000
vt 0.000000 0.000000
vt 1.000000 1.000000
vt 0.000000 1.000000
vt 0.000000 0.000000
vt 1.000000 1.000000
vt 0.000000 1.000000
vt 0.000000 0.000000
vt 1.000000 1.000000
vt 0.000000 1.000000
vt 1.000000 0.000000
vt 0.000000 1.000000
vt 0.000000 0.000000
vt 1.000000 0.000000
vt 0.000000 1.000000
vt 0.000000 0.000000
vt 1.000000 0.000000
vt 0.000000 1.000000
vt 0.000000 0.000000
vt 1.000000 0.000000
vt 0.000000 1.000000
vt 0.000000 0.000000
vt 1.000000 0.000000
vt 0.000000 1.000000
vt 0.000000 0.000000
vt 1.000000 1.000000
vt 0.000000 1.000000
vt 0.000000 0.000000
vt 1.000000 1.000000
vt 0.000000 1.000000
vt 0.000000 0.000000
vt 1.000000 1.000000
vt 0.000000 1.000000
vt 0.000000 0.000000
vt 1.000000 1.000000
vt 0.000000 1.000000
vt 0.000000 0.000000
vt 1.000000 1.000000
vt 0.000000 1.000000
vt 1.000000 0.000000
vt 0.000000 1.000000
vt 0.000000 0.000000
vt 1.000000 0.000000
vt 0.000000 1.000000
vt 0.000000 0.000000
vt 1.000000 0.000000
vt 0.000000 1.000000
vt 0.000000 0.000000
vt 1.000000 0.000000
vt 0.000000 1.000000
vt 0.000000 0.000000
vt 1.000000 0.000000
vt 0.000000 1.000000
vt 0.000000 0.000000
vt 1.000000 1.000000
vt 0.000000 1.000000
vt 0.000000 0.000000
vt 1.000000 1.000000
vt 0.000000 1.000000
vt 0.000000 0.000000
vt 1.000000 1.000000
vt 0.000000 1.000000
vt 0.000000 0.000000
vt 1.000000 1.000000
vt 0.000000 1.000000
vt 0.000000 0.000000
vt 1.000000 1.000000
vt 0.000000 1.000000
vt 1.000000 0.000000
vt 0.000000 1.000000
vt 0.000000 0.000000
vt 1.000000 0.000000
vt 0.000000 1.000000
vt 0.000000 0.000000
vt 1.000000 0.000000
vt 0.000000 1.000000
vt 0.000000 0.000000
vt 1.000000 0.000000
vt 0.000000 1.000000
vt 0.000000 0.000000
vt 1.000000 0.000000
vt 0.000000 1.000000
vt 0.000000 0.000000
vt 1.000000 1.000000
vt 0.000000 1.000000
vt 0.000000 0.000000
vt 1.000000 1.000000
vt 0.000000 1.000000
vt 0.000000 0.000000
vt 1.000000 1.000000
vt 0.000000 1.000000
vt 0.000000 0.000000
vt 1.000000 1.000000
vt 0.000000 1.000000
vt 0.000000 0.000000
vt 1.000000 1.000000
vt 0.000000 1.000000
vt 1.000000 0.000000
vt 0.000000 1.000000
vt 0.000000 0.000000
vt 1.000000 0.000000
vt 0.000000 1.000000
vt 0.000000 0.000000
vt 1.000000 0.000000
vt 0.000000 1.000000
vt 0.000000 0.000000
vt 1.000000 0.000000
vt 0.000000 1.000000
vt 0.000000 0.000000
vt 1.000000 0.000000
vt 0.000000 1.000000
vt 0.000000 0.000000
vt 1.000000 1.000000
vt 0.000000 1.000000
vt 0.000000 0.000000
vt 1.000000 1.000000
vt 0.000000 1.000000
vt 0.000000 0.000000
vt 1.000000 1.000000
vt 0.000000 1.000000
vt 0.000000 0.000000
vt 1.000000 1.000000
vt 0.000000 1.000000
vt 0.000000 0.000000
vt 1.000000 1.000000
vt 0.000000 1.000000
vt 1.000000 0.000000
vt 0.000000 1.000000
vt 0.000000 0.000000
vt 1.000000 0.000000
vt 0.000000 1.000000
vt 0.000000 0.000000
vt 1.000000 0.000000
vt 0.000000 1.000000
vt 0.000000 0.000000
vt 1.000000 0.000000
vt 0.000000 1.000000
vt 0.000000 0.000000
vt 1.000000 0.000000
vt 0.000000 1.000000
vt 0.000000 0.000000
vt 1.000000 0.000000
vt 0.000000 1.000000
vt 1.000000 0.000000
vt 0.000000 1.000000
vt 0.000000 0.000000
vt 1.000000 0.000000
vt 0.000000 1.000000
vt 0.000000 0.000000
vt 0.000000 0.000000
vt 1.000000 1.000000
vt 0.000000 1.000000
vt 1.000000 0.000000
vt 0.000000 1.000000
vt 0.000000 0.000000
vt 1.000000 0.000000
vt 0.000000 1.000000
vt 0.000000 0.000000
vt 1.000000 0.000000
vt 0.000000 1.000000
vt 0.000000 0.000000
vt 1.000000 0.000000
vt 0.000000 1.000000
vt 0.000000 0.000000
vt 1.000000 0.000000
vt 0.000000 1.000000
vt 0.000000 0.000000
vt 1.000000 0.000000
vt 0.000000 1.000000
vt 0.000000 0.000000
vt 1.000000 0.000000
vt 0.000000 1.000000
vt 1.000000 0.000000
vt 0.000000 1.000000
vt 0.000000 0.000000
vt 1.000000 0.000000
vt 0.000000 1.000000
vt 0.000000 0.000000
vt 1.000000 0.000000
vt 0.000000 1.000000
vt 0.000000 0.000000
vt 1.000000 0.000000
vt 0.000000 1.000000
vt 0.000000 0.000000
vt 1.000000 0.000000
vt 0.000000 1.000000
vt 0.000000 0.000000
vt 0.000000 0.000000
vt 1.000000 1.000000
vt 0.000000 1.000000
vt 0.000000 0.000000
vt 1.000000 1.000000
vt 0.000000 1.000000
vt 0.000000 0.000000
vt 1.000000 1.000000
vt 0.000000 1.000000
vt 0.000000 0.000000
vt 1.000000 1.000000
vt 0.000000 1.000000
vt 1.000000 0.000000
vt 0.000000 1.000000
vt 1.000000 0.000000
vt 0.000000 1.000000
vt 0.000000 0.000000
vt 1.000000 0.000000
vt 0.000000 1.000000
vt 0.000000 0.000000
vt 1.000000 0.000000
vt 0.000000 1.000000
vt 0.000000 0.000000
vt 1.000000 0.000000
vt 0.000000 1.000000
vt 0.000000 0.000000
vt 1.000000 0.000000
vt 0.000000 1.000000
vt 0.000000 0.000000
vt 0.000000 0.000000
vt 1.000000 1.000000
vt 0.000000 1.000000
vt 0.000000 0.000000
vt 1.000000 1.000000
vt 0.000000 1.000000
vt 0.000000 0.000000
vt 1.000000 1.000000
vt 0.000000 1.000000
vt 0.000000 0.000000
vt 1.000000 1.000000
vt 0.000000 1.000000
vt 1.000000 0.000000
vt 0.000000 1.000000
vt 1.000000 0.000000
vt 0.000000 1.000000
vt 0.000000 0.000000
vt 1.000000 0.000000
vt 0.000000 1.000000
vt 0.000000 0.000000
vt 1.000000 0.000000
vt 0.000000 1.000000
vt 0.000000 0.000000
vt 1.000000 0.000000
vt 0.000000 1.000000
vt 0.000000 0.000000
vt 0.000000 0.000000
vt 1.000000 1.000000
vt 0.000000 1.000000
vt 0.000000 0.000000
vt 1.000000 1.000000
vt 0.000000 1.000000
vt 0.000000 0.000000
vt 1.000000 1.000000
vt 0.000000 1.000000
vt 0.000000 0.000000
vt 1.000000 1.000000
vt 0.000000 1.000000
vt 0.000000 0.000000
vt 1.000000 1.000000
vt 0.000000 1.000000
vt 1.000000 0.000000
vt 0.000000 1.000000
vt 1.000000 0.000000
vt 0.000000 1.000000
vt 0.000000 0.000000
vt 1.000000 0.000000
vt 0.000000 1.000000
vt 0.000000 0.000000
vt 1.000000 0.000000
vt 0.000000 1.000000
vt 0.000000 0.000000
vt 1.000000 0.000000
vt 0.000000 1.000000
vt 0.000000 0.000000
vt 1.000000 0.000000
vt 0.000000 1.000000
vt 0.000000 0.000000
vt 0.000000 0.000000
vt 1.000000 1.000000
vt 0.000000 1.000000
vt 0.000000 0.000000
vt 1.000000 1.000000
vt 0.000000 1.000000
vt 0.000000 0.000000
vt 1.000000 1.000000
vt 0.000000 1.000000
vt 0.000000 0.000000
vt 1.000000 1.000000
vt 0.000000 1.000000
vt 1.000000 0.000000
vt 0.000000 1.000000
vt 1.000000 0.000000
vt 0.000000 1.000000
vt 0.000000 0.000000
vt 1.000000 0.000000
vt 0.000000 1.000000
vt 0.000000 0.000000
vt 1.000000 0.000000
vt 0.000000 1.000000
vt 0.000000 0.000000
vt 1.000000 0.000000
vt 0.000000 1.000000
vt 0.000000 0.000000
vt 1.000000 0.000000
vt 0.000000 1.000000
vt 0.000000 0.000000
vt 0.000000 0.000000
vt 1.000000 1.000000
vt 0.000000 1.000000
vt 0.000000 0.000000
vt 1.000000 1.000000
vt 0.000000 1.000000
vt 0.000000 0.000000
vt 1.000000 1.000000
vt 0.000000 1.000000
vt 0.000000 0.000000
vt 1.000000 1.000000
vt 0.000000 1.000000
vt 1.000000 0.000000
vt 0.000000 1.000000
vt 0.000000 0.000000
vt 1.000000 0.000000
vt 0.000000 1.000000
vt 0.000000 0.000000
vt 1.000000 0.000000
vt 0.000000 1.000000
vt 0.000000 0.000000
vt 1.000000 0.000000
vt 0.000000 1.000000
vt 0.000000 0.000000
vt 1.000000 0.000000
vt 0.000000 1.000000
vt 0.000000 0.000000
vt 1.000000 0.000000
vt 0.000000 1.000000
vt 0.000000 0.000000
vt 0.000000 0.000000
vt 0.000000 1.000000
vt 0.000000 0.000000
vt 0.000000 1.000000
vt 0.000000 0.000000
vt 0.000000 1.000000
vt 0.000000 0.000000
vt 0.000000 1.000000
vt 1.000000 1.000000
vt 0.000000 1.000000
vt 0.000000 0.000000
vt 1.000000 1.000000
vt 0.000000 1.000000
vt 0.000000 0.000000
vt 1.000000 1.000000
vt 0.000000 1.000000
vt 0.000000 0.000000
vt 1.000000 1.000000
vt 0.000000 1.000000
vt 0.000000 0.000000
vt 1.000000 1.000000
vt 0.000000 1.000000
vt 1.000000 0.000000
vt 0.000000 1.000000
vt 0.000000 0.000000
vt 1.000000 0.000000
vt 0.000000 1.000000
vt 0.000000 0.000000
vt 1.000000 0.000000
vt 0.000000 1.000000
vt 0.000000 0.000000
vt 1.000000 0.000000
vt 0.000000 1.000000
vt 0.000000 0.000000
vt 1.000000 0.000000
vt 0.000000 1.000000
vt 0.000000 0.000000
vt 1.000000 1.000000
vt 0.000000 1.000000
vt 0.000000 0.000000
vt 1.000000 1.000000
vt 0.000000 1.000000
vt 0.000000 0.000000
vt 1.000000 1.000000
vt 0.000000 1.000000
vt 0.000000 0.000000
vt 1.000000 1.000000
vt 0.000000 1.000000
vt 0.000000 0.000000
vt 1.000000 1.000000
vt 0.000000 1.000000
vt 1.000000 0.000000
vt 0.000000 1.000000
vt 0.000000 0.000000
vt 1.000000 0.000000
vt 0.000000 1.000000
vt 0.000000 0.000000
vt 1.000000 0.000000
vt 0.000000 1.000000
vt 0.000000 0.000000
vt 1.000000 0.000000
vt 0.000000 1.000000
vt 0.000000 0.000000
vt 1.000000 0.000000
vt 0.000000 1.000000
vt 0.000000 0.000000
vt 1.000000 1.000000
vt 0.000000 1.000000
vt 0.000000 0.000000
vt 1.000000 1.000000
vt 0.000000 1.000000
vt 0.000000 0.000000
vt 1.000000 1.000000
vt 0.000000 1.000000
vt 0.000000 0.000000
vt 1.000000 1.000000
vt 0.000000 1.000000
vt 0.000000 0.000000
vt 1.000000 1.000000
vt 0.000000 1.000000
vt 0.000000 0.000000
vt 1.000000 1.000000
vt 0.000000 1.000000
vt 1.000000 0.000000
vt 0.000000 1.000000
vt 0.000000 0.000000
vt 1.000000 0.000000
vt 0.000000 1.000000
vt 0.000000 0.000000
vt 1.000000 0.000000
vt 0.000000 1.000000
vt 0.000000 0.000000
vt 1.000000 0.000000
vt 0.000000 1.000000
vt 0.000000 0.000000
vt 1.000000 1.000000
vt 0.000000 1.000000
vt 0.000000 0.000000
vt 1.000000 1.000000
vt 0.000000 1.000000
vt 0.000000 0.000000
vt 1.000000 1.000000
vt 0.000000 1.000000
vt 0.000000 0.000000
vt 1.000000 1.000000
vt 0.000000 1.000000
vt 0.000000 0.000000
vt 1.000000 1.000000
vt 0.000000 1.000000
vt 1.000000 0.000000
vt 0.000000 1.000000
vt 0.000000 0.000000
vt 1.000000 0.000000
vt 0.000000 1.000000
vt 0.000000 0.000000
vt 1.000000 0.000000
vt 0.000000 1.000000
vt 0.000000 0.000000
vt 1.000000 0.000000
vt 0.000000 1.000000
vt 0.000000 0.000000
vt 1.000000 0.000000
vt 0.000000 1.000000
vt 0.000000 0.000000
vt 1.000000 1.000000
vt 0.000000 1.000000
vt 0.000000 0.000000
vt 1.000000 1.000000
vt 0.000000 1.000000
vt 0.000000 0.000000
vt 1.000000 1.000000
vt 0.000000 1.000000
vt 0.000000 0.000000
vt 1.000000 1.000000
vt 0.000000 1.000000
vt 0.000000 0.000000
vt 1.000000 1.000000
vt 0.000000 1.000000
vt 0.000000 0.000000
vt 1.000000 1.000000
vt 0.000000 1.000000
vt 1.000000 0.000000
vt 0.000000 1.000000
vt 0.000000 0.000000
vt 1.000000 0.000000
vt 0.000000 1.000000
vt 0.000000 0.000000
vt 1.000000 0.000000
vt 0.000000 1.000000
vt 0.000000 0.000000
vt 1.000000 0.000000
vt 0.000000 1.000000
vt 0.000000 0.000000
vt 1.000000 1.000000
vt 0.000000 1.000000
vt 1.000000 0.000000
vt 0.000000 1.000000
vt 0.000000 0.000000
vt 0.000000 0.000000
vt 1.000000 1.000000
vt 0.000000 1.000000
vt 1.000000 0.000000
vt 0.000000 1.000000
vt 0.000000 0.000000
vt 0.000000 0.000000
vt 1.000000 1.000000
vt 0.000000 1.000000
vt 1.000000 0.000000
vt 0.000000 1.000000
vt 0.000000 0.000000
vt 1.000000 0.000000
vt 0.000000 1.000000
vt 0.000000 0.000000
vt 0.000000 0.000000
vt 1.000000 1.000000
vt 0.000000 1.000000
vt 0.000000 0.000000
vt 1.000000 1.000000
vt 0.000000 1.000000
vt 0.000000 0.000000
vt 1.000000 1.000000
vt 0.000000 1.000000
vt 1.000000 0.000000
vt 0.000000 1.000000
vt 1.000000 0.000000
vt 0.000000 1.000000
vt 0.000000 0.000000
vt 1.000000 0.000000
vt 0.000000 1.000000
vt 0.000000 0.000000
vt 1.000000 0.000000
vt 0.000000 1.000000
vt 0.000000 0.000000
vt 1.000000 0.000000
vt 0.000000 1.000000
vt 0.000000 0.000000
vt 1.000000 0.000000
vt 0.000000 1.000000
vt 0.000000 0.000000
vt 0.000000 0.000000
vt 1.000000 1.000000
vt 0.000000 1.000000
vt 0.000000 0.000000
vt 1.000000 1.000000
vt 0.000000 1.000000
vt 0.000000 0.000000
vt 1.000000 1.000000
vt 0.000000 1.000000
vt 0.000000 0.000000
vt 1.000000 1.000000
vt 0.000000 1.000000
vt 1.000000 0.000000
vt 0.000000 1.000000
vt 1.000000 0.000000
vt 0.000000 1.000000
vt 0.000000 0.000000
vt 1.000000 0.000000
vt 0.000000 1.000000
vt 0.000000 0.000000
vt 1.000000 0.000000
vt 0.000000 1.000000
vt 0.000000 0.000000
vt 1.000000 0.000000
vt 0.000000 1.000000
vt 0.000000 0.000000
vt 1.000000 0.000000
vt 0.000000 1.000000
vt 0.000000 0.000000
vt 0.000000 0.000000
vt 1.000000 1.000000
vt 0.000000 1.000000
vt 0.000000 0.000000
vt 1.000000 1.000000
vt 0.000000 1.000000
vt 0.000000 0.000000
vt 1.000000 1.000000
vt 0.000000 1.000000
vt 0.000000 0.000000
vt 1.000000 1.000000
vt 0.000000 1.000000
vt 1.000000 0.000000
vt 0.000000 1.000000
vt 1.000000 0.000000
vt 0.000000 1.000000
vt 0.000000 0.000000
vt 1.000000 0.000000
vt 0.000000 1.000000
vt 0.000000 0.000000
vt 1.000000 0.000000
vt 0.000000 1.000000
vt 0.000000 0.000000
vt 1.000000 0.000000
vt 0.000000 1.000000
vt 0.000000 0.000000
vt 0.000000 0.000000
vt 1.000000 1.000000
vt 0.000000 1.000000
vt 0.000000 0.000000
vt 1.000000 1.000000
vt 0.000000 1.000000
vt 0.000000 0.000000
vt 1.000000 1.000000
vt 0.000000 1.000000
vt 0.000000 0.000000
vt 1.000000 1.000000
vt 0.000000 1.000000
vt 0.000000 0.000000
vt 1.000000 1.000000
vt 0.000000 1.000000
vt 1.000000 0.000000
vt 0.000000 1.000000
vt 1.000000 0.000000
vt 0.000000 1.000000
vt 0.000000 0.000000
vt 1.000000 0.000000
vt 0.000000 1.000000
vt 0.000000 0.000000
vt 1.000000 0.000000
vt 0.000000 1.000000
vt 0.000000 0.000000
vt 1.000000 0.000000
vt 0.000000 1.000000
vt 0.000000 0.000000
vt 1.000000 0.000000
vt 0.000000 1.000000
vt 0.000000 0.000000
vt 0.000000 0.000000
vt 1.000000 1.000000
vt 0.000000 1.000000
vt 0.000000 0.000000
vt 1.000000 1.000000
vt 0.000000 1.000000
vt 0.000000 0.000000
vt 1.000000 1.000000
vt 0.000000 1.000000
vt 0.000000 0.000000
vt 1.000000 1.000000
vt 0.000000 1.000000
vt 1.000000 0.000000
vt 0.000000 1.000000
vt 1.000000 0.000000
vt 0.000000 1.000000
vt 0.000000 0.000000
vt 1.000000 0.000000
vt 0.000000 1.000000
vt 0.000000 0.000000
vt 1.000000 0.000000
vt 0.000000 1.000000
vt 0.000000 0.000000
vt 1.000000 0.000000
vt 0.000000 1.000000
vt 0.000000 0.000000
vt 1.000000 0.000000
vt 0.000000 1.000000
vt 0.000000 0.000000
vt 0.000000 0.000000
vt 1.000000 1.000000
vt 0.000000 1.000000
vt 0.000000 0.000000
vt 1.000000 1.000000
vt 0.000000 1.000000
vt 0.000000 0.000000
vt 1.000000 1.000000
vt 0.000000 1.000000
vt 0.000000 0.000000
vt 1.000000 1.000000
vt 0.000000 1.000000
vt 1.000000 0.000000
vt 0.000000 0.000000
vt 1.000000 0.000000
vt 0.000000 0.000000
vt 1.000000 0.000000
vt 0.000000 0.000000
vt 1.000000 0.000000
vt 0.000000 0.000000
vt 1.000000 0.000000
vt 0.000000 0.000000
vt 0.000000 0.000000
vt 1.000000 1.000000
vt 0.000000 0.000000
vt 1.000000 1.000000
vt 0.000000 0.000000
vt 1.000000 1.000000
vt 0.000000 0.000000
vt 1.000000 1.000000
vt 0.000000 0.000000
vt 1.000000 1.000000
vt 1.000000 1.000000
vt 0.000000 1.000000
vt 0.000000 0.000000
vt 1.000000 1.000000
vt 0.000000 1.000000
vt 0.000000 0.000000
vt 1.000000 1.000000
vt 0.000000 1.000000
vt 0.000000 0.000000
vt 1.000000 1.000000
vt 0.000000 1.000000
vt 0.000000 0.000000
vt 1.000000 1.000000
vt 0.000000 1.000000
vt 0.000000 0.000000
vt 1.000000 1.000000
vt 0.000000 1.000000
vt 1.000000 0.000000
vt 0.000000 1.000000
vt 0.000000 0.000000
vt 1.000000 0.000000
vt 0.000000 1.000000
vt 0.000000 0.000000
vt 1.000000 0.000000
vt 0.000000 1.000000
vt 0.000000 0.000000
vt 1.000000 0.000000
vt 0.000000 1.000000
vt 0.000000 0.000000
vt 1.000000 1.000000
vt 0.000000 1.000000
vt 0.000000 0.000000
vt 1.000000 1.000000
vt 0.000000 1.000000
vt 0.000000 0.000000
vt 1.000000 1.000000
vt 0.000000 1.000000
vt 0.000000 0.000000
vt 1.000000 1.000000
vt 0.000000 1.000000
vt 0.000000 0.000000
vt 1.000000 1.000000
vt 0.000000 1.000000
vt 1.000000 0.000000
vt 0.000000 1.000000
vt 0.000000 0.000000
vt 1.000000 0.000000
vt 0.000000 1.000000
vt 0.000000 0.000000
vt 1.000000 0.000000
vt 0.000000 1.000000
vt 0.000000 0.000000
vt 1.000000 0.000000
vt 0.000000 1.000000
vt 0.000000 0.000000
vt 1.000000 0.000000
vt 0.000000 1.000000
vt 0.000000 0.000000
vt 1.000000 1.000000
vt 0.000000 1.000000
vt 0.000000 0.000000
vt 1.000000 1.000000
vt 0.000000 1.000000
vt 0.000000 0.000000
vt 1.000000 1.000000
vt 0.000000 1.000000
vt 0.000000 0.000000
vt 1.000000 1.000000
vt 0.000000 1.000000
vt 0.000000 0.000000
vt 1.000000 1.000000
vt 0.000000 1.000000
vt 0.000000 0.000000
vt 1.000000 1.000000
vt 0.000000 1.000000
vt 1.000000 0.000000
vt 0.000000 1.000000
vt 0.000000 0.000000
vt 1.000000 0.000000
vt 0.000000 1.000000
vt 0.000000 0.000000
vt 1.000000 0.000000
vt 0.000000 1.000000
vt 0.000000 0.000000
vt 1.000000 0.000000
vt 0.000000 1.000000
vt 0.000000 0.000000
vt 1.000000 1.000000
vt 0.000000 1.000000
vt 0.000000 0.000000
vt 1.000000 1.000000
vt 0.000000 1.000000
vt 0.000000 0.000000
vt 1.000000 1.000000
vt 0.000000 1.000000
vt 0.000000 0.000000
vt 1.000000 1.000000
vt 0.000000 1.000000
vt 0.000000 0.000000
vt 1.000000 1.000000
vt 0.000000 1.000000
vt 1.000000 0.000000
vt 0.000000 1.000000
vt 0.000000 0.000000
vt 1.000000 0.000000
vt 0.000000 1.000000
vt 0.000000 0.000000
vt 1.000000 0.000000
vt 0.000000 1.000000
vt 0.000000 0.000000
vt 1.000000 0.000000
vt 0.000000 1.000000
vt 0.000000 0.000000
vt 1.000000 0.000000
vt 0.000000 1.000000
vt 0.000000 0.000000
vt 1.000000 1.000000
vt 0.000000 1.000000
vt 0.000000 0.000000
vt 1.000000 1.000000
vt 0.000000 1.000000
vt 0.000000 0.000000
vt 1.000000 1.000000
vt 0.000000 1.000000
vt 0.000000 0.000000
vt 1.000000 1.000000
vt 0.000000 1.000000
vt 0.000000 0.000000
vt 1.000000 1.000000
vt 0.000000 1.000000
vt 1.000000 0.000000
vt 0.000000 1.000000
vt 0.000000 0.000000
vt 1.000000 0.000000
vt 0.000000 1.000000
vt 0.000000 0.000000
vt 1.000000 0.000000
vt 0.000000 1.000000
vt 0.000000 0.000000
vt 1.000000 0.000000
vt 0.000000 1.000000
vt 0.000000 0.000000
vt 1.000000 0.000000
vt 0.000000 1.000000
vt 0.000000 0.000000
vt 1.000000 1.000000
vt 0.000000 1.000000
vt 1.000000 0.000000
vt 0.000000 1.000000
vt 0.000000 0.000000
vt 0.000000 0.000000
vt 1.000000 1.000000
vt 0.000000 1.000000
vt 1.000000 0.000000
vt 0.000000 1.000000
vt 0.000000 0.000000
vt 1.000000 0.000000
vt 0.000000 1.000000
vt 0.000000 0.000000
vt 1.000000 0.000000
vt 0.000000 1.000000
vt 0.000000 0.000000
vt 0.000000 0.000000
vt 1.000000 1.000000
vt 0.000000 1.000000
vt 0.000000 0.000000
vt 1.000000 1.000000
vt 0.000000 1.000000
vt 1.000000 0.000000
vt 0.000000 1.000000
vt 0.000000 0.000000
vt 1.000000 0.000000
vt 0.000000 1.000000
vt 0.000000 0.000000
vt 1.000000 0.000000
vt 0.000000 1.000000
vt 1.000000 0.000000
vt 0.000000 1.000000
vt 0.000000 0.000000
vt 1.000000 0.000000
vt 0.000000 1.000000
vt 0.000000 0.000000
vt 1.000000 0.000000
vt 0.000000 1.000000
vt 0.000000 0.000000
vt 1.000000 0.000000
vt 0.000000 1.000000
vt 0.000000 0.000000
vt 0.000000 0.000000
vt 1.000000 1.000000
vt 0.000000 1.000000
vt 0.000000 0.000000
vt 1.000000 1.000000
vt 0.000000 1.000000
vt 0.000000 0.000000
vt 1.000000 1.000000
vt 0.000000 1.000000
vt 0.000000 0.000000
vt 1.000000 1.000000
vt 0.000000 1.000000
vt 0.000000 0.000000
vt 1.000000 1.000000
vt 0.000000 1.000000
vt 1.000000 0.000000
vt 0.000000 1.000000
vt 1.000000 0.000000
vt 0.000000 1.000000
vt 0.000000 0.000000
vt 1.000000 0.000000
vt 0.000000 1.000000
vt 0.000000 0.000000
vt 1.000000 0.000000
vt 0.000000 1.000000
vt 0.000000 0.000000
vt 1.000000 0.000000
vt 0.000000 1.000000
vt 0.000000 0.000000
vt 1.000000 0.000000
vt 0.000000 1.000000
vt 0.000000 0.000000
vt 0.000000 0.000000
vt 1.000000 1.000000
vt 0.000000 1.000000
vt 0.000000 0.000000
vt 1.000000 1.000000
vt 0.000000 1.000000
vt 0.000000 0.000000
vt 1.000000 1.000000
vt 0.000000 1.000000
vt 0.000000 0.000000
vt 1.000000 1.000000
vt 0.000000 1.000000
vt 1.000000 0.000000
vt 0.000000 1.000000
vt 1.000000 0.000000
vt 0.000000 1.000000
vt 0.000000 0.000000
vt 1.000000 0.000000
vt 0.000000 1.000000
vt 0.000000 0.000000
vt 1.000000 0.000000
vt 0.000000 1.000000
vt 0.000000 0.000000
vt 1.000000 0.000000
vt 0.000000 1.000000
vt 0.000000 0.000000
vt 1.000000 0.000000
vt 0.000000 1.000000
vt 0.000000 0.000000
vt 0.000000 0.000000
vt 1.000000 1.000000
vt 0.000000 1.000000
vt 0.000000 0.000000
vt 1.000000 1.000000
vt 0.000000 1.000000
vt 0.000000 0.000000
vt 1.000000 1.000000
vt 0.000000 1.000000
vt 0.000000 0.000000
vt 1.000000 1.000000
vt 0.000000 1.000000
vt 1.000000 0.000000
vt 0.000000 1.000000
vt 1.000000 0.000000
vt 0.000000 1.000000
vt 0.000000 0.000000
vt 1.000000 0.000000
vt 0.000000 1.000000
vt 0.000000 0.000000
vt 1.000000 0.000000
vt 0.000000 1.000000
vt 0.000000 0.000000
vt 1.000000 0.000000
vt 0.000000 1.000000
vt 0.000000 0.000000
vt 0.000000 0.000000
vt 1.000000 1.000000
vt 0.000000 1.000000
vt 0.000000 0.000000
vt 1.000000 1.000000
vt 0.000000 1.000000
vt 0.000000 0.000000
vt 1.000000 1.000000
vt 0.000000 1.000000
vt 0.000000 0.000000
vt 1.000000 1.000000
vt 0.000000 1.000000
vt 0.000000 0.000000
vt 1.000000 1.000000
vt 0.000000 1.000000
vt 1.000000 0.000000
vt 0.000000 1.000000
vt 1.000000 0.000000
vt 0.000000 1.000000
vt 0.000000 0.000000
vt 1.000000 0.000000
vt 0.000000 1.000000
vt 0.000000 0.000000
vt 1.000000 0.000000
vt 0.000000 1.000000
vt 0.000000 0.000000
vt 1.000000 0.000000
vt 0.000000 1.000000
vt 0.000000 0.000000
vt 1.000000 0.000000
vt 0.000000 1.000000
vt 0.000000 0.000000
vt 0.000000 0.000000
vt 1.000000 1.000000
vt 0.000000 1.000000
vt 0.000000 0.000000
vt 1.000000 1.000000
vt 0.000000 1.000000
vt 0.000000 0.000000
vt 1.000000 1.000000
vt 0.000000 1.000000
vt 0.000000 0.000000
vt 1.000000 1.000000
vt 0.000000 1.000000
vt 1.000000 0.000000
vt 1.000000 0.000000
vt 1.000000 0.000000
vt 1.000000 0.000000
vt 1.000000 0.000000
vt 1.000000 0.000000
vt 1.000000 0.000000
vt 1.000000 0.000000
vt 1.000000 0.000000
vt 1.000000 0.000000
vt 1.000000 0.000000
vt 1.000000 0.000000
vt 1.000000 0.000000
vt 1.000000 1.000000
vt 1.000000 1.000000
vt 1.000000 1.000000
vt 1.000000 1.000000
vt 1.000000 1.000000
vt 1.000000 0.000000
vt 1.000000 0.000000
vt 1.000000 0.000000
vt 1.000000 0.000000
vt 1.000000 1.000000
vt 1.000000 1.000000
vt 1.000000 1.000000
vt 1.000000 1.000000
vt 1.000000 1.000000
vt 1.000000 0.000000
vt 1.000000 0.000000
vt 1.000000 0.000000
vt 1.000000 0.000000
vt 1.000000 1.000000
vt 1.000000 1.000000
vt 1.000000 1.000000
vt 1.000000 1.000000
vt 1.000000 1.000000
vt 1.000000 0.000000
vt 1.000000 0.000000
vt 1.000000 0.000000
vt 1.000000 0.000000
vt 1.000000 0.000000
vt 1.000000 1.000000
vt 1.000000 1.000000
vt 1.000000 1.000000
vt 1.000000 1.000000
vt 1.000000 0.000000
vt 1.000000 0.000000
vt 1.000000 0.000000
vt 1.000000 0.000000
vt 1.000000 1.000000
vt 1.000000 1.000000
vt 1.000000 1.000000
vt 1.000000 1.000000
vt 1.000000 1.000000
vt 1.000000 1.000000
vt 1.000000 1.000000
vt 1.000000 1.000000
vt 1.000000 1.000000
vt 1.000000 1.000000
vt 1.000000 1.000000
vt 1.000000 1.000000
vt 1.000000 1.000000
vt 1.000000 0.000000
vt 1.000000 1.000000
vt 1.000000 1.000000
vt 1.000000 1.000000
vt 1.000000 1.000000
vt 1.000000 1.000000
vt 1.000000 1.000000
vt 1.000000 1.000000
vt 1.000000 0.000000
vt 1.000000 0.000000
vt 1.000000 0.000000
vt 1.000000 0.000000
vt 1.000000 1.000000
vt 1.000000 1.000000
vt 1.000000 1.000000
vt 1.000000 1.000000
vt 1.000000 1.000000
vt 1.000000 1.000000
vt 1.000000 0.000000
vt 1.000000 0.000000
vt 1.000000 0.000000
vt 1.000000 0.000000
vt 1.000000 1.000000
vt 1.000000 1.000000
vt 1.000000 1.000000
vt 1.000000 1.000000
vt 1.000000 1.000000
vt 1.000000 0.000000
vt 1.000000 0.000000
vt 1.000000 0.000000
vt 1.000000 0.000000
vt 1.000000 0.000000
vt 1.000000 1.000000
vt 1.000000 1.000000
vt 1.000000 1.000000
vt 1.000000 1.000000
vt 1.000000 1.000000
vt 1.000000 1.000000
vt 1.000000 0.000000
vt 1.000000 0.000000
vt 1.000000 0.000000
vt 1.000000 0.000000
vt 1.000000 1.000000
vt 1.000000 1.000000
vt 1.000000 1.000000
vt 1.000000 1.000000
vt 1.000000 1.000000
vt 1.000000 1.000000
vt 1.000000 0.000000
vt 1.000000 0.000000
vt 1.000000 0.000000
vt 1.000000 0.000000
vt 1.000000 0.000000
vt 1.000000 0.000000
vt 1.000000 0.000000
vt 1.000000 0.000000
vt 1.000000 0.000000
vt 1.000000 0.000000
vt 1.000000 0.000000
vt 1.000000 0.000000
vt 1.000000 0.000000
vt 1.000000 0.000000
vt 1.000000 1.000000
vt 1.000000 1.000000
vt 1.000000 1.000000
vt 1.000000 1.000000
vt 1.000000 1.000000
vt 1.000000 0.000000
vt 1.000000 0.000000
vt 1.000000 0.000000
vt 1.000000 0.000000
vt 1.000000 0.000000
vt 1.000000 1.000000
vt 1.000000 1.000000
vt 1.000000 1.000000
vt 1.000000 1.000000
vt 1.000000 1.000000
vt 1.000000 0.000000
vt 1.000000 0.000000
vt 1.000000 0.000000
vt 1.000000 0.000000
vt 1.000000 0.000000
vt 1.000000 1.000000
vt 1.000000 1.000000
vt 1.000000 1.000000
vt 1.000000 1.000000
vt 1.000000 1.000000
vt 1.000000 0.000000
vt 1.000000 0.000000
vt 1.000000 0.000000
vt 1.000000 0.000000
vt 1.000000 0.000000
vt 1.000000 0.000000
vt 1.000000 1.000000
vt 1.000000 1.000000
vt 1.000000 1.000000
vt 1.000000 1.000000
vt 1.000000 0.000000
vt 1.000000 0.000000
vt 1.000000 0.000000
vt 1.000000 0.000000
vt 1.000000 0.000000
vt 1.000000 1.000000
vt 1.000000 1.000000
vt 1.000000 1.000000
vt 1.000000 1.000000
vt 1.000000 1.000000
vt 1.000000 1.000000
vt 1.000000 1.000000
vt 1.000000 1.000000
vt 1.000000 1.000000
vt 1.000000 1.000000
vt 1.000000 0.000000
vt 1.000000 1.000000
vt 1.000000 1.000000
vt 1.000000 0.000000
vt 1.000000 0.000000
vt 1.000000 1.000000
vt 1.000000 1.000000
vt 1.000000 1.000000
vt 1.000000 1.000000
vt 1.000000 1.000000
vt 1.000000 1.000000
vt 1.000000 0.000000
vt 1.000000 0.000000
vt 1.000000 0.000000
vt 1.000000 0.000000
vt 1.000000 1.000000
vt 1.000000 1.000000
vt 1.000000 1.000000
vt 1.000000 1.000000
vt 1.000000 1.000000
vt 1.000000 1.000000
vt 1.000000 0.000000
vt 1.000000 0.000000
vt 1.000000 0.000000
vt 1.000000 0.000000
vt 1.000000 1.000000
vt 1.000000 1.000000
vt 1.000000 1.000000
vt 1.000000 1.000000
vt 1.000000 1.000000
vt 1.000000 0.000000
vt 1.000000 0.000000
vt 1.000000 0.000000
vt 1.000000 0.000000
vt 1.000000 0.000000
vt 1.000000 1.000000
vt 1.000000 1.000000
vt 1.000000 1.000000
vt 1.000000 1.000000
vt 1.000000 1.000000
vt 1.000000 0.000000
vt 1.000000 0.000000
vt 1.000000 0.000000
vt 1.000000 0.000000
vt 1.000000 0.000000
vt 1.000000 1.000000
vt 1.000000 0.000000
vt 1.000000 1.000000
vt 1.000000 1.000000
vt 1.000000 1.000000
vt 1.000000 1.000000
vt 1.000000 1.000000
vt 1.000000 1.000000
vt 1.000000 0.000000
vt 1.000000 0.000000
vt 1.000000 0.000000
vt 1.000000 0.000000
vt 1.000000 0.000000
vt 1.000000 0.000000
vt 1.000000 0.000000
vt 1.000000 0.000000
vt 1.000000 0.000000
vt 1.000000 1.000000
vt 1.000000 1.000000
vt 1.000000 1.000000
vt 1.000000 1.000000
vt 1.000000 1.000000
vt 1.000000 0.000000
vt 1.000000 0.000000
vt 1.000000 0.000000
vt 1.000000 0.000000
vt 1.000000 0.000000
vt 1.000000 1.000000
vt 1.000000 1.000000
vt 1.000000 1.000000
vt 1.000000 1.000000
vt 1.000000 1.000000
vt 1.000000 0.000000
vt 1.000000 0.000000
vt 1.000000 0.000000
vt 1.000000 0.000000
vt 1.000000 0.000000
vt 1.000000 1.000000
vt 1.000000 1.000000
vt 1.000000 1.000000
vt 1.000000 1.000000
vt 1.000000 1.000000
vt 1.000000 0.000000
vt 1.000000 0.000000
vt 1.000000 0.000000
vt 1.000000 0.000000
vt 1.000000 0.000000
vt 1.000000 1.000000
vt 1.000000 1.000000
vt 1.000000 1.000000
vt 1.000000 1.000000
vt 1.000000 1.000000
vt 1.000000 0.000000
vt 1.000000 0.000000
vt 1.000000 0.000000
vt 1.000000 0.000000
vt 1.000000 0.000000
vt 1.000000 1.000000
vt 1.000000 1.000000
vt 1.000000 1.000000
vt 1.000000 1.000000
vt 1.000000 1.000000
vt 1.000000 1.000000
vt 1.000000 1.000000
vt 1.000000 1.000000
vt 1.000000 1.000000
vt 1.000000 1.000000
vt 1.000000 1.000000
vt 1.000000 1.000000
vt 1.000000 1.000000
vt 1.000000 1.000000
vt 1.000000 1.000000
vt 1.000000 1.000000
vt 1.000000 1.000000
vt 1.000000 1.000000
vt 1.000000 1.000000
vt 1.000000 1.000000
vt 1.000000 1.000000
vt 1.000000 0.000000
vt 1.000000 0.000000
vt 1.000000 0.000000
vt 1.000000 0.000000
vt 1.000000 1.000000
vt 1.000000 1.000000
vt 1.000000 1.000000
vt 1.000000 1.000000
vt 1.000000 1.000000
vt 1.000000 1.000000
vt 1.000000 0.000000
vt 1.000000 0.000000
vt 1.000000 0.000000
vt 1.000000 0.000000
vt 1.000000 1.000000
vt 1.000000 1.000000
vt 1.000000 1.000000
vt 1.000000 1.000000
vt 1.000000 1.000000
vt 1.000000 1.000000
vt 1.000000 0.000000
vt 1.000000 0.000000
vt 1.000000 0.000000
vt 1.000000 0.000000
vt 1.000000 1.000000
vt 1.000000 1.000000
vt 1.000000 1.000000
vt 1.000000 1.000000
vt 1.000000 1.000000
vt 1.000000 1.000000
vt 1.000000 0.000000
vt 1.000000 0.000000
vt 1.000000 0.000000
vt 1.000000 0.000000
vt 1.000000 1.000000
vt 1.000000 1.000000
vt 1.000000 1.000000
vt 1.000000 1.000000
vt 1.000000 1.000000
vt 1.000000 1.000000
vt 1.000000 0.000000
vt 1.000000 0.000000
vt 1.000000 0.000000
vt 1.000000 0.000000
vt 1.000000 1.000000
vt 1.000000 1.000000
vt 1.000000 1.000000
vt 1.000000 1.000000
vt 1.000000 1.000000
vt 1.000000 1.000000
vt 1.000000 0.000000
vt 1.000000 0.000000
vt 1.000000 0.000000
vt 1.000000 0.000000
vt 1.000000 0.000000
vt 1.000000 0.000000
vt 1.000000 0.000000
vt 1.000000 0.000000
vt 1.000000 1.000000
vt 1.000000 1.000000
vt 1.000000 1.000000
vt 1.000000 1.000000
vt 1.000000 1.000000
vt 1.000000 0.000000
vt 1.000000 0.000000
vt 1.000000 0.000000
vt 1.000000 0.000000
vt 1.000000 1.000000
vt 1.000000 1.000000
vt 1.000000 1.000000
vt 1.000000 1.000000
vt 1.000000 1.000000
vt 1.000000 0.000000
vt 1.000000 0.000000
vt 1.000000 0.000000
vt 1.000000 0.000000
vt 1.000000 1.000000
vt 1.000000 1.000000
vt 1.000000 1.000000
vt 1.000000 1.000000
vt 1.000000 1.000000
vt 1.000000 0.000000
vt 1.000000 0.000000
vt 1.000000 0.000000
vt 1.000000 0.000000
vt 1.000000 1.000000
vt 1.000000 1.000000
vt 1.000000 1.000000
vt 1.000000 1.000000
vt 1.000000 1.000000
vt 1.000000 0.000000
vt 1.000000 0.000000
vt 1.000000 0.000000
vt 1.000000 0.000000
vt 1.000000 1.000000
vt 1.000000 1.000000
vt 1.000000 1.000000
vt 1.000000 1.000000
vt 1.000000 1.000000
vt 1.000000 1.000000
vt 1.000000 1.000000
vt 1.000000 1.000000
vt 1.000000 0.000000
vt 1.000000 1.000000
vt 1.000000 1.000000
vt 1.000000 1.000000
vt 1.000000 1.000000
vt 1.000000 1.000000
vt 1.000000 1.000000
vt 1.000000 1.000000
vt 1.000000 1.000000
vt 1.000000 1.000000
vt 1.000000 1.000000
vt 1.000000 1.000000
vt 1.000000 1.000000
vt 1.000000 0.000000
vt 1.000000 0.000000
vt 1.000000 0.000000
vt 1.000000 0.000000
vt 1.000000 1.000000
vt 1.000000 1.000000
vt 1.000000 1.000000
vt 1.000000 1.000000
vt 1.000000 1.000000
vt 1.000000 1.000000
vt 1.000000 0.000000
vt 1.000000 0.000000
vt 1.000000 0.000000
vt 1.000000 0.000000
vt 1.000000 1.000000
vt 1.000000 1.000000
vt 1.000000 1.000000
vt 1.000000 1.000000
vt 1.000000 1.000000
vt 1.000000 0.000000
vt 1.000000 0.000000
vt 1.000000 0.000000
vt 1.000000 0.000000
vt 1.000000 0.000000
vt 1.000000 1.000000
vt 1.000000 1.000000
vt 1.000000 1.000000
vt 1.000000 1.000000
vt 1.000000 1.000000
vt 1.000000 1.000000
vt 1.000000 0.000000
vt 1.000000 0.000000
vt 1.000000 0.000000
vt 1.000000 0.000000
vt 1.000000 1.000000
vt 1.000000 1.000000
vt 1.000000 1.000000
vt 1.000000 1.000000
vt 1.000000 1.000000
vt 1.000000 1.000000
vt 1.000000 0.000000
vt 1.000000 0.000000
vt 1.000000 0.000000
vt 1.000000 0.000000
vt 1.000000 0.000000
vt 1.000000 0.000000
vt 1.000000 0.000000
vt 1.000000 0.000000
vt 1.000000 0.000000
vt 1.000000 0.000000
vt 1.000000 0.000000
vt 1.000000 0.000000
vt 1.000000 0.000000
vt 1.000000 1.000000
vt 1.000000 1.000000
vt 1.000000 1.000000
vt 1.000000 1.000000
vt 1.000000 1.000000
vt 1.000000 0.000000
vt 1.000000 0.000000
vt 1.000000 0.000000
vt 1.000000 0.000000
vt 1.000000 0.000000
vt 1.000000 1.000000
vt 1.000000 1.000000
vt 1.000000 1.000000
vt 1.000000 1.000000
vt 1.000000 1.000000
vt 1.000000 0.000000
vt 1.000000 0.000000
vt 1.000000 0.000000
vt 1.000000 0.000000
vt 1.000000 0.000000
vt 1.000000 0.000000
vt 1.000000 1.000000
vt 1.000000 1.000000
vt 1.000000 1.000000
vt 1.000000 1.000000
vt 1.000000 0.000000
vt 1.000000 0.000000
vt 1.000000 0.000000
vt 1.000000 0.000000
vt 1.000000 0.000000
vt 1.000000 1.000000
vt 1.000000 1.000000
vt 1.000000 1.000000
vt 1.000000 1.000000
vt 1.000000 1.000000
vt 1.000000 0.000000
vt 1.000000 0.000000
vt 1.000000 0.000000
vt 1.000000 0.000000
vt 1.000000 0.000000
vt 1.000000 0.000000
vt 1.000000 1.000000
vt 1.000000 1.000000
vt 1.000000 1.000000
vt 1.000000 1.000000
vt 1.000000 0.000000
vt 1.000000 1.000000
vt 1.000000 0.000000
vt 1.000000 1.000000
vt 1.000000 0.000000
vt 1.000000 1.000000
vt 1.000000 1.000000
vt 1.000000 0.000000
vt 1.000000 0.000000
vt 1.000000 0.000000
vt 1.000000 1.000000
vt 1.000000 1.000000
vt 1.000000 1.000000
vt 1.000000 1.000000
vt 1.000000 1.000000
vt 1.000000 1.000000
vt 1.000000 0.000000
vt 1.000000 0.000000
vt 1.000000 0.000000
vt 1.000000 0.000000
vt 1.000000 1.000000
vt 1.000000 1.000000
vt 1.000000 1.000000
vt 1.000000 1.000000
vt 1.000000 1.000000
vt 1.000000 1.000000
vt 1.000000 0.000000
vt 1.000000 0.000000
vt 1.000000 0.000000
vt 1.000000 0.000000
vt 1.000000 1.000000
vt 1.000000 1.000000
vt 1.000000 1.000000
vt 1.000000 1.000000
vt 1.000000 1.000000
vt 1.000000 0.000000
vt 1.000000 0.000000
vt 1.000000 0.000000
vt 1.000000 0.000000
vt 1.000000 0.000000
vt 1.000000 1.000000
vt 1.000000 1.000000
vt 1.000000 1.000000
vt 1.000000 1.000000
vt 1.000000 1.000000
vt 1.000000 1.000000
vt 1.000000 0.000000
vt 1.000000 0.000000
vt 1.000000 0.000000
vt 1.000000 0.000000
vt 1.000000 1.000000
vt 1.000000 1.000000
vt 1.000000 1.000000
vt 1.000000 1.000000
vt 1.000000 1.000000
vt 1.000000 0.000000
vt 1.000000 0.000000
vt 1.000000 0.000000
vt 1.000000 0.000000
vt 1.000000 0.000000
vt 1.000000 0.000000
vt 1.000000 0.000000
vt 1.000000 0.000000
vt 1.000000 0.000000
vt 1.000000 0.000000
vt 1.000000 0.000000
vt 1.000000 1.000000
vt 1.000000 1.000000
vt 1.000000 1.000000
vt 1.000000 1.000000
vt 1.000000 0.000000
vt 1.000000 0.000000
vt 1.000000 0.000000
vt 1.000000 0.000000
vt 1.000000 0.000000
vt 1.000000 1.000000
vt 1.000000 1.000000
vt 1.000000 1.000000
vt 1.000000 1.000000
vt 1.000000 1.000000
vt 1.000000 0.000000
vt 1.000000 0.000000
vt 1.000000 0.000000
vt 1.000000 0.000000
vt 1.000000 0.000000
vt 1.000000 0.000000
vt 1.000000 1.000000
vt 1.000000 1.000000
vt 1.000000 1.000000
vt 1.000000 1.000000
vt 1.000000 0.000000
vt 1.000000 0.000000
vt 1.000000 0.000000
vt 1.000000 0.000000
vt 1.000000 0.000000
vt 1.000000 1.000000
vt 1.000000 1.000000
vt 1.000000 1.000000
vt 1.000000 1.000000
vt 1.000000 1.000000
vt 1.000000 0.000000
vt 1.000000 0.000000
vt 1.000000 0.000000
vt 1.000000 0.000000
vt 1.000000 0.000000
vt 1.000000 1.000000
vt 1.000000 1.000000
vt 1.000000 1.000000
vt 1.000000 1.000000
vt 1.000000 1.000000
vt 1.000000 0.000000
vt 1.000000 1.000000
vt 1.000000 0.000000
vt 1.000000 1.000000
vt 1.000000 1.000000
vt 1.000000 1.000000
vt 1.000000 0.000000
vt 1.000000 0.000000
vt 1.000000 1.000000
vt 1.000000 1.000000
vt 1.000000 1.000000
vt 1.000000 1.000000
vt 1.000000 1.000000
vt 1.000000 1.000000
vt 1.000000 1.000000
vt 1.000000 0.000000
vt 1.000000 0.000000
vt 1.000000 0.000000
vt 1.000000 0.000000
vt 1.000000 0.000000
vt 1.000000 1.000000
vt 1.000000 1.000000
vt 1.000000 1.000000
vt 1.000000 1.000000
vt 1.000000 1.000000
vt 1.000000 1.000000
vt 1.000000 0.000000
vt 1.000000 0.000000
vt 1.000000 0.000000
vt 1.000000 0.000000
vt 1.000000 1.000000
vt 1.000000 1.000000
vt 1.000000 1.000000
vt 1.000000 1.000000
vt 1.000000 1.000000
vt 1.000000 1.000000
vt 1.000000 0.000000
vt 1.000000 0.000000
vt 1.000000 0.000000
vt 1.000000 0.000000
vt 1.000000 1.000000
vt 1.000000 1.000000
vt 1.000000 1.000000
vt 1.000000 1.000000
vt 1.000000 1.000000
vt 1.000000 0.000000
vt 1.000000 0.000000
vt 1.000000 0.000000
vt 1.000000 0.000000
vt 1.000000 0.000000
vt 1.000000 1.000000
vt 1.000000 1.000000
vt 1.000000 1.000000
vt 1.000000 1.000000
vt 1.000000 1.000000
vt 1.000000 1.000000
vt 1.000000 0.000000
vt 1.000000 0.000000
vt 1.000000 0.000000
vt 1.000000 0.000000
vn -0.5319 -0.6588 0.5319
vn -0.5773 -0.5773 0.5773
vn -0.6133 -0.6133 0.4976
vn -0.5319 0.6588 0.5319
vn -0.5773 0.5773 0.5773
vn -0.4976 0.6133 0.6133
vn 0.6588 0.5319 0.5319
vn 0.5773 0.5773 0.5773
vn 0.6133 0.4976 0.6133
vn -0.5319 0.5319 0.6588
vn -0.6133 0.4976 0.6133
vn -0.6588 0.5319 -0.5319
vn -0.5773 0.5773 -0.5773
vn -0.6133 0.4976 -0.6133
vn -0.5319 -0.5319 -0.6588
vn -0.5773 -0.5773 -0.5773
vn -0.6133 -0.4976 -0.6133
vn -0.5319 0.5319 -0.6588
vn -0.4976 0.6133 -0.6133
vn -0.5644 0.4383 -0.6995
vn -0.5931 0.3282 -0.7352
vn -0.6461 0.4062 -0.6461
vn -0.6148 0.2032 -0.7620
vn -0.6743 0.3011 -0.6743
vn -0.6267 0.0678 -0.7763
vn -0.6949 0.1847 -0.6949
vn -0.7058 -0.0610 -0.7058
vn -0.7058 0.0610 -0.7058
vn -0.6267 -0.0678 -0.7763
vn -0.6949 -0.1847 -0.6949
vn -0.6148 -0.2032 -0.7620
vn -0.6743 -0.3011 -0.6743
vn -0.5931 -0.3282 -0.7352
vn -0.6461 -0.4062 -0.6461
vn -0.5644 -0.4383 -0.6995
vn 0.5773 0.5773 -0.5773
vn 0.5319 0.5319 -0.6588
vn 0.4976 0.6133 -0.6133
vn 0.4383 0.5644 -0.6995
vn 0.4062 0.6461 -0.6461
vn 0.3282 0.5931 -0.7352
vn 0.3011 0.6743 -0.6743
vn 0.2032 0.6148 -0.7620
vn 0.1847 0.6949 -0.6949
vn 0.0678 0.6267 -0.7763
vn 0.0610 0.7058 -0.7058
vn -0.0610 0.7058 -0.7058
vn -0.0678 0.6267 -0.7763
vn -0.1847 0.6949 -0.6949
vn -0.2032 0.6148 -0.7620
vn -0.3011 0.6743 -0.6743
vn -0.3282 0.5931 -0.7352
vn -0.4062 0.6461 -0.6461
vn -0.4383 0.5644 -0.6995
vn 0.6133 0.4976 -0.6133
vn 0.5644 0.4383 -0.6995
vn 0.4688 0.4688 -0.7486
vn 0.3537 0.4964 -0.7928
vn 0.2203 0.5177 -0.8267
vn 0.0739 0.5295 -0.8451
vn -0.0739 0.5295 -0.8451
vn -0.2203 0.5177 -0.8267
vn -0.3537 0.4964 -0.7928
vn -0.4688 0.4688 -0.7486
vn 0.6461 0.4062 -0.6461
vn 0.5931 0.3282 -0.7352
vn 0.4964 0.3537 -0.7928
vn 0.3772 0.3772 -0.8458
vn 0.2365 0.3959 -0.8873
vn 0.0798 0.4064 -0.9102
vn -0.0798 0.4064 -0.9102
vn -0.2365 0.3959 -0.8873
vn -0.3772 0.3772 -0.8458
vn -0.4964 0.3537 -0.7928
vn 0.6743 0.3011 -0.6743
vn 0.6148 0.2032 -0.7620
vn 0.5177 0.2203 -0.8267
vn 0.3959 0.2365 -0.8873
vn 0.2496 0.2496 -0.9356
vn 0.0849 0.2573 -0.9626
vn -0.0849 0.2573 -0.9626
vn -0.2496 0.2496 -0.9356
vn -0.3959 0.2365 -0.8873
vn -0.5177 0.2203 -0.8267
vn 0.6949 0.1847 -0.6949
vn 0.6267 0.0678 -0.7763
vn 0.5295 0.0739 -0.8451
vn 0.4064 0.0798 -0.9102
vn 0.2573 0.0849 -0.9626
vn 0.0881 0.0881 -0.9922
vn -0.0881 0.0881 -0.9922
vn -0.2573 0.0849 -0.9626
vn -0.4064 0.0798 -0.9102
vn -0.5295 0.0739 -0.8451
vn 0.7058 -0.0610 -0.7058
vn 0.7058 0.0610 -0.7058
vn 0.6267 -0.0678 -0.7763
vn 0.5295 -0.0739 -0.8451
vn 0.4064 -0.0798 -0.9102
vn 0.2573 -0.0849 -0.9626
vn 0.0881 -0.0881 -0.9922
vn -0.0881 -0.0881 -0.9922
vn -0.2573 -0.0849 -0.9626
vn -0.5295 -0.0739 -0.8451
vn 0.6949 -0.1847 -0.6949
vn 0.6148 -0.2032 -0.7620
vn 0.5177 -0.2203 -0.8267
vn 0.3959 -0.2365 -0.8873
vn 0.2496 -0.2496 -0.9356
vn 0.0849 -0.2573 -0.9626
vn -0.2496 -0.2496 -0.9356
vn -0.3959 -0.2365 -0.8873
vn -0.4064 -0.0798 -0.9102
vn -0.5177 -0.2203 -0.8267
vn 0.6743 -0.3011 -0.6743
vn 0.5931 -0.3282 -0.7352
vn 0.4964 -0.3537 -0.7928
vn 0.3772 -0.3772 -0.8458
vn 0.2365 -0.3959 -0.8873
vn 0.0798 -0.4064 -0.9102
vn -0.0849 -0.2573 -0.9626
vn -0.2365 -0.3959 -0.8873
vn -0.3772 -0.3772 -0.8458
vn -0.4964 -0.3537 -0.7928
vn 0.6461 -0.4062 -0.6461
vn 0.5644 -0.4383 -0.6995
vn 0.4688 -0.4688 -0.7486
vn 0.3537 -0.4964 -0.7928
vn 0.2203 -0.5177 -0.8267
vn -0.0739 -0.5295 -0.8451
vn -0.0798 -0.4064 -0.9102
vn -0.2203 -0.5177 -0.8267
vn -0.3537 -0.4964 -0.7928
vn -0.4688 -0.4688 -0.7486
vn 0.6133 -0.4976 -0.6133
vn 0.5319 -0.5319 -0.6588
vn 0.4383 -0.5644 -0.6995
vn 0.3282 -0.5931 -0.7352
vn 0.2032 -0.6148 -0.7620
vn 0.0739 -0.5295 -0.8451
vn 0.0678 -0.6267 -0.7763
vn -0.2032 -0.6148 -0.7620
vn -0.3282 -0.5931 -0.7352
vn -0.4383 -0.5644 -0.6995
vn 0.5773 -0.5773 -0.5773
vn 0.4976 -0.6133 -0.6133
vn 0.4062 -0.6461 -0.6461
vn 0.3011 -0.6743 -0.6743
vn 0.1847 -0.6949 -0.6949
vn 0.0610 -0.7058 -0.7058
vn -0.0678 -0.6267 -0.7763
vn -0.1847 -0.6949 -0.6949
vn -0.3011 -0.6743 -0.6743
vn -0.4062 -0.6461 -0.6461
vn -0.4976 -0.6133 -0.6133
vn -0.6588 -0.5319 -0.5319
vn -0.6133 -0.6133 -0.4976
vn -0.6995 -0.4383 -0.5644
vn -0.7352 -0.3282 -0.5931
vn -0.7620 -0.2032 -0.6148
vn -0.7763 -0.0678 -0.6267
vn -0.7763 0.0678 -0.6267
vn -0.7620 0.2032 -0.6148
vn -0.7352 0.3282 -0.5931
vn -0.6995 0.4383 -0.5644
vn -0.6588 -0.5319 0.5319
vn -0.6995 -0.5644 0.4383
vn -0.6461 -0.6461 0.4062
vn -0.7352 -0.5931 0.3282
vn -0.6743 -0.6743 0.3011
vn -0.7620 -0.6148 0.2032
vn -0.6949 -0.6949 0.1847
vn -0.7763 -0.6267 0.0678
vn -0.7058 -0.7058 0.0610
vn -0.7058 -0.7058 -0.0610
vn -0.7763 -0.6267 -0.0678
vn -0.6949 -0.6949 -0.1847
vn -0.7620 -0.6148 -0.2032
vn -0.6743 -0.6743 -0.3011
vn -0.7352 -0.5931 -0.3282
vn -0.6461 -0.6461 -0.4062
vn -0.6995 -0.5644 -0.4383
vn -0.6133 -0.4976 0.6133
vn -0.6995 -0.4383 0.5644
vn -0.7486 -0.4688 0.4688
vn -0.7928 -0.4964 0.3537
vn -0.8267 -0.5177 0.2203
vn -0.8451 -0.5295 0.0739
vn -0.8451 -0.5295 -0.0739
vn -0.8267 -0.5177 -0.2203
vn -0.7928 -0.4964 -0.3537
vn -0.7486 -0.4688 -0.4688
vn -0.6461 -0.4062 0.6461
vn -0.7352 -0.3282 0.5931
vn -0.7928 -0.3537 0.4964
vn -0.8458 -0.3772 0.3772
vn -0.8873 -0.3959 0.2365
vn -0.9102 -0.4064 0.0798
vn -0.9102 -0.4064 -0.0798
vn -0.8873 -0.3959 -0.2365
vn -0.8458 -0.3772 -0.3772
vn -0.7928 -0.3537 -0.4964
vn -0.6743 -0.3011 0.6743
vn -0.7620 -0.2032 0.6148
vn -0.8267 -0.2203 0.5177
vn -0.8873 -0.2365 0.3959
vn -0.9356 -0.2496 0.2496
vn -0.9626 -0.2573 0.0849
vn -0.9626 -0.2573 -0.0849
vn -0.9356 -0.2496 -0.2496
vn -0.8873 -0.2365 -0.3959
vn -0.8267 -0.2203 -0.5177
vn -0.6949 -0.1847 0.6949
vn -0.7763 -0.0678 0.6267
vn -0.8451 -0.0739 0.5295
vn -0.9102 -0.0798 0.4064
vn -0.9626 -0.0849 0.2573
vn -0.9922 -0.0881 0.0881
vn -0.9922 -0.0881 -0.0881
vn -0.9626 -0.0849 -0.2573
vn -0.9102 -0.0798 -0.4064
vn -0.8451 -0.0739 -0.5295
vn -0.7058 0.0610 0.7058
vn -0.7058 -0.0610 0.7058
vn -0.7763 0.0678 0.6267
vn -0.8451 0.0739 0.5295
vn -0.9102 0.0798 0.4064
vn -0.9626 0.0849 0.2573
vn -0.9922 0.0881 -0.0881
vn -0.9626 0.0849 -0.2573
vn -0.8451 0.0739 -0.5295
vn -0.6949 0.1847 0.6949
vn -0.7620 0.2032 0.6148
vn -0.8267 0.2203 0.5177
vn -0.8873 0.2365 0.3959
vn -0.9356 0.2496 0.2496
vn -0.9922 0.0881 0.0881
vn -0.9626 0.2573 0.0849
vn -0.9356 0.2496 -0.2496
vn -0.8873 0.2365 -0.3959
vn -0.9102 0.0798 -0.4064
vn -0.8267 0.2203 -0.5177
vn -0.6743 0.3011 0.6743
vn -0.7352 0.3282 0.5931
vn -0.7928 0.3537 0.4964
vn -0.8458 0.3772 0.3772
vn -0.8873 0.3959 0.2365
vn -0.9102 0.4064 0.0798
vn -0.9626 0.2573 -0.0849
vn -0.8873 0.3959 -0.2365
vn -0.8458 0.3772 -0.3772
vn -0.7928 0.3537 -0.4964
vn -0.6461 0.4062 0.6461
vn -0.6995 0.4383 0.5644
vn -0.7486 0.4688 0.4688
vn -0.7928 0.4964 0.3537
vn -0.8267 0.5177 0.2203
vn -0.8451 0.5295 -0.0739
vn -0.9102 0.4064 -0.0798
vn -0.8267 0.5177 -0.2203
vn -0.7928 0.4964 -0.3537
vn -0.7486 0.4688 -0.4688
vn -0.6588 0.5319 0.5319
vn -0.6995 0.5644 0.4383
vn -0.7352 0.5931 0.3282
vn -0.7620 0.6148 0.2032
vn -0.8451 0.5295 0.0739
vn -0.7763 0.6267 -0.0678
vn -0.7620 0.6148 -0.2032
vn -0.7352 0.5931 -0.3282
vn -0.6995 0.5644 -0.4383
vn -0.6133 0.6133 0.4976
vn -0.6461 0.6461 0.4062
vn -0.6743 0.6743 0.3011
vn -0.6949 0.6949 0.1847
vn -0.7763 0.6267 0.0678
vn -0.7058 0.7058 -0.0610
vn -0.6949 0.6949 -0.1847
vn -0.6743 0.6743 -0.3011
vn -0.6461 0.6461 -0.4062
vn -0.6133 0.6133 -0.4976
vn -0.5319 -0.5319 0.6588
vn -0.4976 -0.6133 0.6133
vn -0.5644 -0.4383 0.6995
vn -0.5931 -0.3282 0.7352
vn -0.6148 -0.2032 0.7620
vn -0.6267 -0.0678 0.7763
vn -0.6267 0.0678 0.7763
vn -0.6148 0.2032 0.7620
vn -0.5931 0.3282 0.7352
vn -0.5644 0.4383 0.6995
vn 0.5773 -0.5773 0.5773
vn 0.5319 -0.5319 0.6588
vn 0.4976 -0.6133 0.6133
vn 0.4383 -0.5644 0.6995
vn 0.4062 -0.6461 0.6461
vn 0.3282 -0.5931 0.7352
vn 0.3011 -0.6743 0.6743
vn 0.2032 -0.6148 0.7620
vn 0.1847 -0.6949 0.6949
vn 0.0678 -0.6267 0.7763
vn 0.0610 -0.7058 0.7058
vn -0.0610 -0.7058 0.7058
vn -0.0678 -0.6267 0.7763
vn -0.1847 -0.6949 0.6949
vn -0.2032 -0.6148 0.7620
vn -0.3011 -0.6743 0.6743
vn -0.3282 -0.5931 0.7352
vn -0.4062 -0.6461 0.6461
vn -0.4383 -0.5644 0.6995
vn 0.6133 -0.4976 0.6133
vn 0.5644 -0.4383 0.6995
vn 0.4688 -0.4688 0.7486
vn 0.3537 -0.4964 0.7928
vn 0.2203 -0.5177 0.8267
vn 0.0739 -0.5295 0.8451
vn -0.0739 -0.5295 0.8451
vn -0.2203 -0.5177 0.8267
vn -0.3537 -0.4964 0.7928
vn -0.4688 -0.4688 0.7486
vn 0.6461 -0.4062 0.6461
vn 0.5931 -0.3282 0.7352
vn 0.4964 -0.3537 0.7928
vn 0.3772 -0.3772 0.8458
vn 0.2365 -0.3959 0.8873
vn 0.0798 -0.4064 0.9102
vn -0.0798 -0.4064 0.9102
vn -0.2365 -0.3959 0.8873
vn -0.3772 -0.3772 0.8458
vn -0.4964 -0.3537 0.7928
vn 0.6743 -0.3011 0.6743
vn 0.6148 -0.2032 0.7620
vn 0.5177 -0.2203 0.8267
vn 0.3959 -0.2365 0.8873
vn 0.2496 -0.2496 0.9356
vn 0.0849 -0.2573 0.9626
vn -0.0849 -0.2573 0.9626
vn -0.2496 -0.2496 0.9356
vn -0.3959 -0.2365 0.8873
vn -0.5177 -0.2203 0.8267
vn 0.6949 -0.1847 0.6949
vn 0.6267 -0.0678 0.7763
vn 0.5295 -0.0739 0.8451
vn 0.4064 -0.0798 0.9102
vn 0.2573 -0.0849 0.9626
vn 0.0881 -0.0881 0.9922
vn -0.0881 -0.0881 0.9922
vn -0.2573 -0.0849 0.9626
vn -0.4064 -0.0798 0.9102
vn -0.5295 -0.0739 0.8451
vn 0.7058 0.0610 0.7058
vn 0.7058 -0.0610 0.7058
vn 0.6267 0.0678 0.7763
vn 0.5295 0.0739 0.8451
vn 0.4064 0.0798 0.9102
vn 0.2573 0.0849 0.9626
vn 0.0881 0.0881 0.9922
vn -0.0881 0.0881 0.9922
vn -0.2573 0.0849 0.9626
vn -0.4064 0.0798 0.9102
vn -0.5295 0.0739 0.8451
vn 0.6949 0.1847 0.6949
vn 0.6148 0.2032 0.7620
vn 0.5177 0.2203 0.8267
vn 0.3959 0.2365 0.8873
vn 0.2496 0.2496 0.9356
vn 0.0849 0.2573 0.9626
vn -0.2496 0.2496 0.9356
vn -0.3959 0.2365 0.8873
vn -0.5177 0.2203 0.8267
vn 0.6743 0.3011 0.6743
vn 0.5931 0.3282 0.7352
vn 0.4964 0.3537 0.7928
vn 0.3772 0.3772 0.8458
vn 0.2365 0.3959 0.8873
vn 0.0798 0.4064 0.9102
vn -0.0849 0.2573 0.9626
vn -0.2365 0.3959 0.8873
vn -0.3772 0.3772 0.8458
vn -0.4964 0.3537 0.7928
vn 0.6461 0.4062 0.6461
vn 0.5644 0.4383 0.6995
vn 0.4688 0.4688 0.7486
vn 0.3537 0.4964 0.7928
vn 0.2203 0.5177 0.8267
vn 0.0739 0.5295 0.8451
vn -0.0798 0.4064 0.9102
vn -0.2203 0.5177 0.8267
vn -0.3537 0.4964 0.7928
vn -0.4688 0.4688 0.7486
vn 0.5319 0.5319 0.6588
vn 0.4383 0.5644 0.6995
vn 0.3282 0.5931 0.7352
vn 0.2032 0.6148 0.7620
vn 0.0678 0.6267 0.7763
vn -0.0739 0.5295 0.8451
vn -0.2032 0.6148 0.7620
vn -0.3282 0.5931 0.7352
vn -0.4383 0.5644 0.6995
vn 0.4976 0.6133 0.6133
vn 0.4062 0.6461 0.6461
vn 0.3011 0.6743 0.6743
vn 0.1847 0.6949 0.6949
vn 0.0610 0.7058 0.7058
vn -0.0678 0.6267 0.7763
vn -0.1847 0.6949 0.6949
vn -0.3011 0.6743 0.6743
vn -0.4062 0.6461 0.6461
vn 0.6588 -0.5319 0.5319
vn 0.6133 -0.6133 0.4976
vn 0.6995 -0.4383 0.5644
vn 0.7352 -0.3282 0.5931
vn 0.7620 -0.2032 0.6148
vn 0.7763 -0.0678 0.6267
vn 0.7763 0.0678 0.6267
vn 0.7620 0.2032 0.6148
vn 0.7352 0.3282 0.5931
vn 0.6995 0.4383 0.5644
vn 0.6588 -0.5319 -0.5319
vn 0.6133 -0.6133 -0.4976
vn 0.6995 -0.5644 -0.4383
vn 0.6461 -0.6461 -0.4062
vn 0.7352 -0.5931 -0.3282
vn 0.6743 -0.6743 -0.3011
vn 0.7620 -0.6148 -0.2032
vn 0.6949 -0.6949 -0.1847
vn 0.7763 -0.6267 -0.0678
vn 0.7058 -0.7058 -0.0610
vn 0.7058 -0.7058 0.0610
vn 0.7763 -0.6267 0.0678
vn 0.6949 -0.6949 0.1847
vn 0.7620 -0.6148 0.2032
vn 0.6743 -0.6743 0.3011
vn 0.7352 -0.5931 0.3282
vn 0.6461 -0.6461 0.4062
vn 0.6995 -0.5644 0.4383
vn 0.6995 -0.4383 -0.5644
vn 0.7486 -0.4688 -0.4688
vn 0.7928 -0.4964 -0.3537
vn 0.8267 -0.5177 -0.2203
vn 0.8451 -0.5295 -0.0739
vn 0.8451 -0.5295 0.0739
vn 0.8267 -0.5177 0.2203
vn 0.7928 -0.4964 0.3537
vn 0.7486 -0.4688 0.4688
vn 0.7352 -0.3282 -0.5931
vn 0.7928 -0.3537 -0.4964
vn 0.8458 -0.3772 -0.3772
vn 0.8873 -0.3959 -0.2365
vn 0.9102 -0.4064 -0.0798
vn 0.9102 -0.4064 0.0798
vn 0.8873 -0.3959 0.2365
vn 0.8458 -0.3772 0.3772
vn 0.7928 -0.3537 0.4964
vn 0.7620 -0.2032 -0.6148
vn 0.8267 -0.2203 -0.5177
vn 0.8873 -0.2365 -0.3959
vn 0.9356 -0.2496 -0.2496
vn 0.9626 -0.2573 -0.0849
vn 0.9626 -0.2573 0.0849
vn 0.9356 -0.2496 0.2496
vn 0.8873 -0.2365 0.3959
vn 0.8267 -0.2203 0.5177
vn 0.7763 -0.0678 -0.6267
vn 0.8451 -0.0739 -0.5295
vn 0.9102 -0.0798 -0.4064
vn 0.9626 -0.0849 -0.2573
vn 0.9922 -0.0881 -0.0881
vn 0.9922 -0.0881 0.0881
vn 0.9626 -0.0849 0.2573
vn 0.9102 -0.0798 0.4064
vn 0.8451 -0.0739 0.5295
vn 0.7763 0.0678 -0.6267
vn 0.8451 0.0739 -0.5295
vn 0.9626 0.0849 -0.2573
vn 0.9922 0.0881 -0.0881
vn 0.9922 0.0881 0.0881
vn 0.9626 0.0849 0.2573
vn 0.9102 0.0798 0.4064
vn 0.8451 0.0739 0.5295
vn 0.7620 0.2032 -0.6148
vn 0.8267 0.2203 -0.5177
vn 0.9102 0.0798 -0.4064
vn 0.8873 0.2365 -0.3959
vn 0.9356 0.2496 -0.2496
vn 0.9626 0.2573 -0.0849
vn 0.9356 0.2496 0.2496
vn 0.8873 0.2365 0.3959
vn 0.8267 0.2203 0.5177
vn 0.7352 0.3282 -0.5931
vn 0.7928 0.3537 -0.4964
vn 0.8458 0.3772 -0.3772
vn 0.8873 0.3959 -0.2365
vn 0.9102 0.4064 -0.0798
vn 0.9626 0.2573 0.0849
vn 0.8873 0.3959 0.2365
vn 0.8458 0.3772 0.3772
vn 0.7928 0.3537 0.4964
vn 0.6995 0.4383 -0.5644
vn 0.7486 0.4688 -0.4688
vn 0.7928 0.4964 -0.3537
vn 0.8267 0.5177 -0.2203
vn 0.8451 0.5295 0.0739
vn 0.9102 0.4064 0.0798
vn 0.8267 0.5177 0.2203
vn 0.7928 0.4964 0.3537
vn 0.7486 0.4688 0.4688
vn 0.6588 0.5319 -0.5319
vn 0.6995 0.5644 -0.4383
vn 0.7352 0.5931 -0.3282
vn 0.7620 0.6148 -0.2032
vn 0.8451 0.5295 -0.0739
vn 0.7763 0.6267 -0.0678
vn 0.7620 0.6148 0.2032
vn 0.7352 0.5931 0.3282
vn 0.6995 0.5644 0.4383
vn 0.6133 0.6133 -0.4976
vn 0.6461 0.6461 -0.4062
vn 0.6743 0.6743 -0.3011
vn 0.6949 0.6949 -0.1847
vn 0.7058 0.7058 -0.0610
vn 0.7763 0.6267 0.0678
vn 0.6949 0.6949 0.1847
vn 0.6743 0.6743 0.3011
vn 0.6461 0.6461 0.4062
vn 0.6133 0.6133 0.4976
vn 0.5319 0.6588 0.5319
vn 0.4383 0.6995 0.5644
vn 0.3282 0.7352 0.5931
vn 0.2032 0.7620 0.6148
vn 0.0678 0.7763 0.6267
vn -0.0678 0.7763 0.6267
vn -0.0610 0.7058 0.7058
vn -0.2032 0.7620 0.6148
vn -0.3282 0.7352 0.5931
vn -0.4383 0.6995 0.5644
vn 0.5319 0.6588 -0.5319
vn 0.5644 0.6995 -0.4383
vn 0.5931 0.7352 -0.3282
vn 0.6148 0.7620 -0.2032
vn 0.6267 0.7763 -0.0678
vn 0.7058 0.7058 0.0610
vn 0.6267 0.7763 0.0678
vn 0.6148 0.7620 0.2032
vn 0.5931 0.7352 0.3282
vn 0.5644 0.6995 0.4383
vn 0.4383 0.6995 -0.5644
vn 0.4688 0.7486 -0.4688
vn 0.4964 0.7928 -0.3537
vn 0.5177 0.8267 -0.2203
vn 0.5295 0.8451 -0.0739
vn 0.5295 0.8451 0.0739
vn 0.5177 0.8267 0.2203
vn 0.4964 0.7928 0.3537
vn 0.4688 0.7486 0.4688
vn 0.3282 0.7352 -0.5931
vn 0.3537 0.7928 -0.4964
vn 0.3772 0.8458 -0.3772
vn 0.3959 0.8873 -0.2365
vn 0.4064 0.9102 -0.0798
vn 0.4064 0.9102 0.0798
vn 0.3959 0.8873 0.2365
vn 0.3772 0.8458 0.3772
vn 0.3537 0.7928 0.4964
vn 0.2032 0.7620 -0.6148
vn 0.2203 0.8267 -0.5177
vn 0.2365 0.8873 -0.3959
vn 0.2496 0.9356 -0.2496
vn 0.2573 0.9626 -0.0849
vn 0.2573 0.9626 0.0849
vn 0.2496 0.9356 0.2496
vn 0.2365 0.8873 0.3959
vn 0.2203 0.8267 0.5177
vn 0.0678 0.7763 -0.6267
vn 0.0739 0.8451 -0.5295
vn 0.0798 0.9102 -0.4064
vn 0.0849 0.9626 -0.2573
vn 0.0881 0.9922 -0.0881
vn 0.0881 0.9922 0.0881
vn 0.0849 0.9626 0.2573
vn 0.0798 0.9102 0.4064
vn 0.0739 0.8451 0.5295
vn -0.0678 0.7763 -0.6267
vn -0.0798 0.9102 -0.4064
vn -0.0881 0.9922 -0.0881
vn -0.0881 0.9922 0.0881
vn -0.0798 0.9102 0.4064
vn -0.0739 0.8451 0.5295
vn -0.2032 0.7620 -0.6148
vn -0.0739 0.8451 -0.5295
vn -0.2203 0.8267 -0.5177
vn -0.2365 0.8873 -0.3959
vn -0.0849 0.9626 -0.2573
vn -0.2496 0.9356 -0.2496
vn -0.2573 0.9626 -0.0849
vn -0.2496 0.9356 0.2496
vn -0.0849 0.9626 0.2573
vn -0.2365 0.8873 0.3959
vn -0.2203 0.8267 0.5177
vn -0.3282 0.7352 -0.5931
vn -0.3537 0.7928 -0.4964
vn -0.3772 0.8458 -0.3772
vn -0.3959 0.8873 -0.2365
vn -0.4064 0.9102 -0.0798
vn -0.2573 0.9626 0.0849
vn -0.3959 0.8873 0.2365
vn -0.3772 0.8458 0.3772
vn -0.3537 0.7928 0.4964
vn -0.4383 0.6995 -0.5644
vn -0.4688 0.7486 -0.4688
vn -0.4964 0.7928 -0.3537
vn -0.5177 0.8267 -0.2203
vn -0.5295 0.8451 0.0739
vn -0.4064 0.9102 0.0798
vn -0.5177 0.8267 0.2203
vn -0.4964 0.7928 0.3537
vn -0.4688 0.7486 0.4688
vn -0.5319 0.6588 -0.5319
vn -0.5644 0.6995 -0.4383
vn -0.5931 0.7352 -0.3282
vn -0.6148 0.7620 -0.2032
vn -0.5295 0.8451 -0.0739
vn -0.6267 0.7763 -0.0678
vn -0.6148 0.7620 0.2032
vn -0.5931 0.7352 0.3282
vn -0.5644 0.6995 0.4383
vn -0.6267 0.7763 0.0678
vn -0.5319 -0.6588 -0.5319
vn -0.5644 -0.6995 -0.4383
vn -0.5931 -0.7352 -0.3282
vn -0.6148 -0.7620 -0.2032
vn -0.6267 -0.7763 -0.0678
vn -0.6267 -0.7763 0.0678
vn -0.6148 -0.7620 0.2032
vn -0.5931 -0.7352 0.3282
vn -0.5644 -0.6995 0.4383
vn 0.5319 -0.6588 -0.5319
vn 0.4383 -0.6995 -0.5644
vn 0.3282 -0.7352 -0.5931
vn 0.2032 -0.7620 -0.6148
vn 0.0678 -0.7763 -0.6267
vn -0.0678 -0.7763 -0.6267
vn -0.0610 -0.7058 -0.7058
vn -0.2032 -0.7620 -0.6148
vn -0.3282 -0.7352 -0.5931
vn -0.4383 -0.6995 -0.5644
vn 0.5644 -0.6995 -0.4383
vn 0.4688 -0.7486 -0.4688
vn 0.3537 -0.7928 -0.4964
vn 0.2203 -0.8267 -0.5177
vn 0.0739 -0.8451 -0.5295
vn -0.0739 -0.8451 -0.5295
vn -0.2203 -0.8267 -0.5177
vn -0.3537 -0.7928 -0.4964
vn -0.4688 -0.7486 -0.4688
vn 0.5931 -0.7352 -0.3282
vn 0.4964 -0.7928 -0.3537
vn 0.3772 -0.8458 -0.3772
vn 0.2365 -0.8873 -0.3959
vn 0.0798 -0.9102 -0.4064
vn -0.0798 -0.9102 -0.4064
vn -0.2365 -0.8873 -0.3959
vn -0.3772 -0.8458 -0.3772
vn -0.4964 -0.7928 -0.3537
vn 0.6148 -0.7620 -0.2032
vn 0.5177 -0.8267 -0.2203
vn 0.3959 -0.8873 -0.2365
vn 0.2496 -0.9356 -0.2496
vn 0.0849 -0.9626 -0.2573
vn -0.0849 -0.9626 -0.2573
vn -0.2496 -0.9356 -0.2496
vn -0.3959 -0.8873 -0.2365
vn -0.5177 -0.8267 -0.2203
vn 0.6267 -0.7763 -0.0678
vn 0.5295 -0.8451 -0.0739
vn 0.4064 -0.9102 -0.0798
vn 0.2573 -0.9626 -0.0849
vn 0.0881 -0.9922 -0.0881
vn -0.0881 -0.9922 -0.0881
vn -0.2573 -0.9626 -0.0849
vn -0.4064 -0.9102 -0.0798
vn -0.5295 -0.8451 -0.0739
vn 0.6267 -0.7763 0.0678
vn 0.4064 -0.9102 0.0798
vn 0.2573 -0.9626 0.0849
vn 0.0881 -0.9922 0.0881
vn -0.2573 -0.9626 0.0849
vn -0.4064 -0.9102 0.0798
vn -0.5295 -0.8451 0.0739
vn 0.6148 -0.7620 0.2032
vn 0.5295 -0.8451 0.0739
vn 0.5177 -0.8267 0.2203
vn 0.3959 -0.8873 0.2365
vn 0.2496 -0.9356 0.2496
vn -0.0849 -0.9626 0.2573
vn -0.0881 -0.9922 0.0881
vn -0.2496 -0.9356 0.2496
vn -0.3959 -0.8873 0.2365
vn -0.5177 -0.8267 0.2203
vn 0.5931 -0.7352 0.3282
vn 0.4964 -0.7928 0.3537
vn 0.3772 -0.8458 0.3772
vn 0.2365 -0.8873 0.3959
vn 0.0849 -0.9626 0.2573
vn 0.0798 -0.9102 0.4064
vn -0.2365 -0.8873 0.3959
vn -0.3772 -0.8458 0.3772
vn -0.4964 -0.7928 0.3537
vn 0.5644 -0.6995 0.4383
vn 0.4688 -0.7486 0.4688
vn 0.3537 -0.7928 0.4964
vn 0.2203 -0.8267 0.5177
vn 0.0739 -0.8451 0.5295
vn -0.0798 -0.9102 0.4064
vn -0.2203 -0.8267 0.5177
vn -0.3537 -0.7928 0.4964
vn -0.4688 -0.7486 0.4688
vn 0.5319 -0.6588 0.5319
vn 0.4383 -0.6995 0.5644
vn 0.3282 -0.7352 0.5931
vn 0.2032 -0.7620 0.6148
vn -0.0678 -0.7763 0.6267
vn -0.0739 -0.8451 0.5295
vn -0.2032 -0.7620 0.6148
vn -0.3282 -0.7352 0.5931
vn -0.4383 -0.6995 0.5644
vn 0.0678 -0.7763 0.6267
vn -0.7058 0.7058 0.0610
s 1
f 728/1/1 3/2/2 59/3/3
f 628/4/4 7/5/5 118/6/6
f 528/7/7 6/8/8 58/9/9
f 428/10/10 7/5/5 78/11/11
f 328/12/12 8/13/13 88/14/14
f 228/15/15 4/16/16 79/17/17
f 138/18/18 8/19/13 108/20/19
f 148/21/20 88/14/14 138/22/18
f 158/23/21 87/24/22 148/25/20
f 168/26/23 86/27/24 158/28/21
f 178/29/25 85/30/26 168/31/23
f 178/32/25 83/33/27 84/34/28
f 188/35/29 82/36/30 83/37/27
f 198/38/31 81/39/32 82/40/30
f 208/41/33 80/42/34 81/43/32
f 218/44/35 79/45/17 80/46/34
f 5/47/36 129/48/37 99/49/38
f 99/50/38 130/51/39 100/52/40
f 100/53/40 131/54/41 101/55/42
f 101/56/42 132/57/43 102/58/44
f 102/59/44 133/60/45 103/61/46
f 133/62/45 104/63/47 103/64/46
f 134/65/48 105/66/49 104/67/47
f 135/68/50 106/69/51 105/70/49
f 136/71/52 107/72/53 106/73/51
f 137/74/54 108/75/19 107/76/53
f 38/77/55 139/78/56 129/79/37
f 129/80/37 140/81/57 130/82/39
f 130/83/39 141/84/58 131/85/41
f 131/86/41 142/87/59 132/88/43
f 132/89/43 143/90/60 133/91/45
f 143/92/60 134/93/48 133/94/45
f 144/95/61 135/96/50 134/97/48
f 145/98/62 136/99/52 135/100/50
f 146/101/63 137/102/54 136/103/52
f 147/104/64 138/105/18 137/106/54
f 37/107/65 149/108/66 139/109/56
f 139/110/56 150/111/67 140/112/57
f 140/113/57 151/114/68 141/115/58
f 141/116/58 152/117/69 142/118/59
f 142/119/59 153/120/70 143/121/60
f 153/122/70 144/123/61 143/124/60
f 154/125/71 145/126/62 144/127/61
f 155/128/72 146/129/63 145/130/62
f 156/131/73 147/132/64 146/133/63
f 157/134/74 148/135/20 147/136/64
f 36/137/75 159/138/76 149/139/66
f 149/140/66 160/141/77 150/142/67
f 150/143/67 161/144/78 151/145/68
f 151/146/68 162/147/79 152/148/69
f 152/149/69 163/150/80 153/151/70
f 153/152/70 164/153/81 154/154/71
f 164/155/81 155/156/72 154/157/71
f 165/158/82 156/159/73 155/160/72
f 166/161/83 157/162/74 156/163/73
f 167/164/84 158/165/21 157/166/74
f 35/167/85 169/168/86 159/169/76
f 159/170/76 170/171/87 160/172/77
f 160/173/77 171/174/88 161/175/78
f 161/176/78 172/177/89 162/178/79
f 162/179/79 173/180/90 163/181/80
f 173/182/90 164/183/81 163/184/80
f 174/185/91 165/186/82 164/187/81
f 175/188/92 166/189/83 165/190/82
f 176/191/93 167/192/84 166/193/83
f 177/194/94 168/195/23 167/196/84
f 33/197/95 169/198/86 34/199/96
f 179/200/97 170/201/87 169/202/86
f 180/203/98 171/204/88 170/205/87
f 181/206/99 172/207/89 171/208/88
f 182/209/100 173/210/90 172/211/89
f 183/212/101 174/213/91 173/214/90
f 184/215/102 175/216/92 174/217/91
f 185/218/103 176/219/93 175/220/92
f 176/221/93 187/222/104 177/223/94
f 187/224/104 178/225/25 177/226/94
f 32/227/105 179/228/97 33/229/95
f 189/230/106 180/231/98 179/232/97
f 190/233/107 181/234/99 180/235/98
f 191/236/108 182/237/100 181/238/99
f 192/239/109 183/240/101 182/241/100
f 193/242/110 184/243/102 183/244/101
f 184/245/102 195/246/111 185/247/103
f 185/248/103 196/249/112 186/250/113
f 186/251/113 197/252/114 187/253/104
f 187/254/104 198/255/31 188/256/29
f 31/257/115 189/258/106 32/259/105
f 199/260/116 190/261/107 189/262/106
f 200/263/117 191/264/108 190/265/107
f 201/266/118 192/267/109 191/268/108
f 202/269/119 193/270/110 192/271/109
f 203/272/120 194/273/121 193/274/110
f 194/275/121 205/276/122 195/277/111
f 195/278/111 206/279/123 196/280/112
f 196/281/112 207/282/124 197/283/114
f 197/284/114 208/285/33 198/286/31
f 30/287/125 199/288/116 31/289/115
f 209/290/126 200/291/117 199/292/116
f 210/293/127 201/294/118 200/295/117
f 211/296/128 202/297/119 201/298/118
f 212/299/129 203/300/120 202/301/119
f 203/302/120 214/303/130 204/304/131
f 204/305/131 215/306/132 205/307/122
f 205/308/122 216/309/133 206/310/123
f 206/311/123 217/312/134 207/313/124
f 207/314/124 218/315/35 208/316/33
f 29/317/135 209/318/126 30/319/125
f 219/320/136 210/321/127 209/322/126
f 220/323/137 211/324/128 210/325/127
f 221/326/138 212/327/129 211/328/128
f 222/329/139 213/330/140 212/331/129
f 223/332/141 214/333/130 213/334/140
f 214/335/130 225/336/142 215/337/132
f 215/338/132 226/339/143 216/340/133
f 216/341/133 227/342/144 217/343/134
f 217/344/134 228/345/15 218/346/35
f 1/347/145 219/348/136 29/349/135
f 19/350/146 220/351/137 219/352/136
f 20/353/147 221/354/138 220/355/137
f 21/356/148 222/357/139 221/358/138
f 22/359/149 223/360/141 222/361/139
f 23/362/150 224/363/151 223/364/141
f 224/365/151 25/366/152 225/367/142
f 225/368/142 26/369/153 226/370/143
f 226/371/143 27/372/154 227/373/144
f 227/374/144 28/375/155 228/376/15
f 238/377/156 4/378/16 68/379/157
f 248/380/158 79/17/17 238/381/156
f 258/382/159 80/46/34 248/383/158
f 268/384/160 81/43/32 258/385/159
f 278/386/161 82/40/30 268/387/160
f 278/388/161 84/389/28 83/37/27
f 288/390/162 85/391/26 84/34/28
f 298/392/163 86/393/24 85/30/26
f 308/394/164 87/395/22 86/27/24
f 318/396/165 88/397/14 87/24/22
f 3/398/2 229/399/166 59/3/3
f 59/400/3 230/401/167 60/402/168
f 60/403/168 231/404/169 61/405/170
f 61/406/170 232/407/171 62/408/172
f 62/409/172 233/410/173 63/411/174
f 233/412/173 64/413/175 63/414/174
f 234/415/176 65/416/177 64/417/175
f 235/418/178 66/419/179 65/420/177
f 236/421/180 67/422/181 66/423/179
f 237/424/182 68/425/157 67/426/181
f 69/427/183 239/428/184 229/429/166
f 229/430/166 240/431/185 230/432/167
f 230/433/167 241/434/186 231/435/169
f 231/436/169 242/437/187 232/438/171
f 232/439/171 243/440/188 233/441/173
f 243/442/188 234/443/176 233/444/173
f 244/445/189 235/446/178 234/447/176
f 245/448/190 236/449/180 235/450/178
f 246/451/191 237/452/182 236/453/180
f 247/454/192 238/455/156 237/456/182
f 70/457/193 249/458/194 239/459/184
f 239/460/184 250/461/195 240/462/185
f 240/463/185 251/464/196 241/465/186
f 241/466/186 252/467/197 242/468/187
f 242/469/187 253/470/198 243/471/188
f 253/472/198 244/473/189 243/474/188
f 254/475/199 245/476/190 244/477/189
f 255/478/200 246/479/191 245/480/190
f 256/481/201 247/482/192 246/483/191
f 257/484/202 248/485/158 247/486/192
f 71/487/203 259/488/204 249/489/194
f 249/490/194 260/491/205 250/492/195
f 250/493/195 261/494/206 251/495/196
f 251/496/196 262/497/207 252/498/197
f 252/499/197 263/500/208 253/501/198
f 253/502/198 264/503/209 254/504/199
f 264/505/209 255/506/200 254/507/199
f 265/508/210 256/509/201 255/510/200
f 266/511/211 257/512/202 256/513/201
f 267/514/212 258/515/159 257/516/202
f 72/517/213 269/518/214 259/519/204
f 259/520/204 270/521/215 260/522/205
f 260/523/205 271/524/216 261/525/206
f 261/526/206 272/527/217 262/528/207
f 262/529/207 273/530/218 263/531/208
f 273/532/218 264/533/209 263/534/208
f 274/535/219 265/536/210 264/537/209
f 275/538/220 266/539/211 265/540/210
f 276/541/221 267/542/212 266/543/211
f 277/544/222 268/545/160 267/546/212
f 74/547/223 269/548/214 73/549/224
f 279/550/225 270/551/215 269/552/214
f 280/553/226 271/554/216 270/555/215
f 281/556/227 272/557/217 271/558/216
f 282/559/228 273/560/218 272/561/217
f 273/562/218 284/563/229 274/564/219
f 284/565/229 275/566/220 274/567/219
f 285/568/230 276/569/221 275/570/220
f 276/571/221 287/572/231 277/573/222
f 277/574/222 288/575/162 278/576/161
f 75/577/232 279/578/225 74/579/223
f 289/580/233 280/581/226 279/582/225
f 290/583/234 281/584/227 280/585/226
f 291/586/235 282/587/228 281/588/227
f 292/589/236 283/590/237 282/591/228
f 293/592/238 284/593/229 283/594/237
f 284/595/229 295/596/239 285/597/230
f 285/598/230 296/599/240 286/600/241
f 286/601/241 297/602/242 287/603/231
f 287/604/231 298/605/163 288/606/162
f 76/607/243 289/608/233 75/609/232
f 299/610/244 290/611/234 289/612/233
f 300/613/245 291/614/235 290/615/234
f 301/616/246 292/617/236 291/618/235
f 302/619/247 293/620/238 292/621/236
f 303/622/248 294/623/249 293/624/238
f 294/625/249 305/626/250 295/627/239
f 295/628/239 306/629/251 296/630/240
f 296/631/240 307/632/252 297/633/242
f 297/634/242 308/635/164 298/636/163
f 77/637/253 299/638/244 76/639/243
f 309/640/254 300/641/245 299/642/244
f 310/643/255 301/644/246 300/645/245
f 311/646/256 302/647/247 301/648/246
f 312/649/257 303/650/248 302/651/247
f 303/652/248 314/653/258 304/654/259
f 304/655/259 315/656/260 305/657/250
f 305/658/250 316/659/261 306/660/251
f 306/661/251 317/662/262 307/663/252
f 307/664/252 318/665/165 308/666/164
f 78/667/11 309/668/254 77/669/253
f 319/670/263 310/671/255 309/672/254
f 320/673/264 311/674/256 310/675/255
f 321/676/265 312/677/257 311/678/256
f 322/679/266 313/680/267 312/681/257
f 313/682/267 324/683/268 314/684/258
f 314/685/258 325/686/269 315/687/260
f 315/688/260 326/689/270 316/690/261
f 316/691/261 327/692/271 317/693/262
f 317/694/262 328/695/12 318/696/165
f 7/697/5 319/698/263 78/699/11
f 119/700/272 320/701/264 319/702/263
f 120/703/273 321/704/265 320/705/264
f 121/706/274 322/707/266 321/708/265
f 122/709/275 323/710/276 322/711/266
f 323/712/276 124/713/277 324/714/268
f 324/715/268 125/716/278 325/717/269
f 325/718/269 126/719/279 326/720/270
f 326/721/270 127/722/280 327/723/271
f 327/724/271 128/725/281 328/726/12
f 338/727/282 3/728/2 48/729/283
f 348/730/284 69/731/183 338/732/282
f 358/733/285 70/734/193 348/735/284
f 368/736/286 71/737/203 358/738/285
f 378/739/287 72/740/213 368/741/286
f 388/742/288 73/743/224 378/744/287
f 388/745/288 75/746/232 74/747/223
f 398/748/289 76/749/243 75/750/232
f 408/751/290 77/752/253 76/753/243
f 418/754/291 78/755/11 77/756/253
f 2/757/292 329/758/293 39/759/294
f 39/760/294 330/761/295 40/762/296
f 40/763/296 331/764/297 41/765/298
f 41/766/298 332/767/299 42/768/300
f 42/769/300 333/770/301 43/771/302
f 333/772/301 44/773/303 43/774/302
f 334/775/304 45/776/305 44/777/303
f 335/778/306 46/779/307 45/780/305
f 336/781/308 47/782/309 46/783/307
f 337/784/310 48/785/283 47/786/309
f 49/787/311 339/788/312 329/789/293
f 329/790/293 340/791/313 330/792/295
f 330/793/295 341/794/314 331/795/297
f 331/796/297 342/797/315 332/798/299
f 332/799/299 343/800/316 333/801/301
f 343/802/316 334/803/304 333/804/301
f 344/805/317 335/806/306 334/807/304
f 345/808/318 336/809/308 335/810/306
f 346/811/319 337/812/310 336/813/308
f 347/814/320 338/815/282 337/816/310
f 50/817/321 349/818/322 339/819/312
f 339/820/312 350/821/323 340/822/313
f 340/823/313 351/824/324 341/825/314
f 341/826/314 352/827/325 342/828/315
f 342/829/315 353/830/326 343/831/316
f 353/832/326 344/833/317 343/834/316
f 354/835/327 345/836/318 344/837/317
f 355/838/328 346/839/319 345/840/318
f 356/841/329 347/842/320 346/843/319
f 357/844/330 348/845/284 347/846/320
f 51/847/331 359/848/332 349/849/322
f 349/850/322 360/851/333 350/852/323
f 350/853/323 361/854/334 351/855/324
f 351/856/324 362/857/335 352/858/325
f 352/859/325 363/860/336 353/861/326
f 363/862/336 354/863/327 353/864/326
f 364/865/337 355/866/328 354/867/327
f 365/868/338 356/869/329 355/870/328
f 366/871/339 357/872/330 356/873/329
f 367/874/340 358/875/285 357/876/330
f 52/877/341 369/878/342 359/879/332
f 359/880/332 370/881/343 360/882/333
f 360/883/333 371/884/344 361/885/334
f 361/886/334 372/887/345 362/888/335
f 362/889/335 373/890/346 363/891/336
f 373/892/346 364/893/337 363/894/336
f 374/895/347 365/896/338 364/897/337
f 375/898/348 366/899/339 365/900/338
f 376/901/349 367/902/340 366/903/339
f 377/904/350 368/905/286 367/906/340
f 54/907/351 369/908/342 53/909/352
f 379/910/353 370/911/343 369/912/342
f 380/913/354 371/914/344 370/915/343
f 381/916/355 372/917/345 371/918/344
f 382/919/356 373/920/346 372/921/345
f 383/922/357 374/923/347 373/924/346
f 384/925/358 375/926/348 374/927/347
f 385/928/359 376/929/349 375/930/348
f 386/931/360 377/932/350 376/933/349
f 387/934/361 378/935/287 377/936/350
f 55/937/362 379/938/353 54/939/351
f 389/940/363 380/941/354 379/942/353
f 390/943/364 381/944/355 380/945/354
f 391/946/365 382/947/356 381/948/355
f 392/949/366 383/950/357 382/951/356
f 393/952/367 384/953/358 383/954/357
f 384/955/358 395/956/368 385/957/359
f 385/958/359 396/959/369 386/960/360
f 386/961/360 397/962/370 387/963/361
f 387/964/361 398/965/289 388/966/288
f 56/967/371 389/968/363 55/969/362
f 399/970/372 390/971/364 389/972/363
f 400/973/373 391/974/365 390/975/364
f 401/976/374 392/977/366 391/978/365
f 402/979/375 393/980/367 392/981/366
f 403/982/376 394/983/377 393/984/367
f 394/985/377 405/986/378 395/987/368
f 395/988/368 406/989/379 396/990/369
f 396/991/369 407/992/380 397/993/370
f 397/994/370 408/995/290 398/996/289
f 57/997/381 399/998/372 56/999/371
f 409/1000/382 400/1001/373 399/1002/372
f 410/1003/383 401/1004/374 400/1005/373
f 411/1006/384 402/1007/375 401/1008/374
f 412/1009/385 403/1010/376 402/1011/375
f 413/1012/386 404/1013/387 403/1014/376
f 404/1015/387 415/1016/388 405/1017/378
f 405/1018/378 416/1019/389 406/1020/379
f 406/1021/379 417/1022/390 407/1023/380
f 407/1024/380 418/1025/291 408/1026/290
f 58/1027/9 409/1028/382 57/1029/381
f 419/1030/391 410/1031/383 409/1032/382
f 420/1033/392 411/1034/384 410/1035/383
f 421/1036/393 412/1037/385 411/1038/384
f 422/1039/394 413/1040/386 412/1041/385
f 423/1042/395 414/1043/396 413/1044/386
f 414/1045/396 425/1046/397 415/1047/388
f 415/1048/388 426/1049/398 416/1050/389
f 416/1051/389 427/1052/399 417/1053/390
f 417/1054/390 428/1055/10 418/1056/291
f 6/1057/8 419/1058/391 58/1059/9
f 109/1060/400 420/1061/392 419/1062/391
f 110/1063/401 421/1064/393 420/1065/392
f 111/1066/402 422/1067/394 421/1068/393
f 112/1069/403 423/1070/395 422/1071/394
f 113/1072/404 424/1073/405 423/1074/395
f 424/1075/405 115/1076/406 425/1077/397
f 425/1078/397 116/1079/407 426/1080/398
f 426/1081/398 117/1082/408 427/1083/399
f 427/1084/399 118/1085/6 428/1086/10
f 438/1087/409 2/1088/292 18/1089/410
f 448/1090/411 49/1091/311 438/1092/409
f 458/1093/412 50/1094/321 448/1095/411
f 468/1096/413 51/1097/331 458/1098/412
f 478/1099/414 52/1100/341 468/1101/413
f 488/1102/415 53/1103/352 478/1104/414
f 488/1105/415 55/1106/362 54/1107/351
f 498/1108/416 56/1109/371 55/1110/362
f 508/1111/417 57/1112/381 56/1113/371
f 518/1114/418 58/1115/9 57/1116/381
f 1/1117/145 429/1118/419 9/1119/420
f 9/1120/420 430/1121/421 10/1122/422
f 10/1123/422 431/1124/423 11/1125/424
f 11/1126/424 432/1127/425 12/1128/426
f 12/1129/426 433/1130/427 13/1131/428
f 433/1132/427 14/1133/429 13/1134/428
f 434/1135/430 15/1136/431 14/1137/429
f 435/1138/432 16/1139/433 15/1140/431
f 436/1141/434 17/1142/435 16/1143/433
f 437/1144/436 18/1145/410 17/1146/435
f 29/349/135 439/1147/437 429/1148/419
f 429/1149/419 440/1150/438 430/1151/421
f 430/1152/421 441/1153/439 431/1154/423
f 431/1155/423 442/1156/440 432/1157/425
f 432/1158/425 443/1159/441 433/1160/427
f 443/1161/441 434/1162/430 433/1163/427
f 444/1164/442 435/1165/432 434/1166/430
f 445/1167/443 436/1168/434 435/1169/432
f 446/1170/444 437/1171/436 436/1172/434
f 447/1173/445 438/1174/409 437/1175/436
f 30/319/125 449/1176/446 439/1177/437
f 439/1178/437 450/1179/447 440/1180/438
f 440/1181/438 451/1182/448 441/1183/439
f 441/1184/439 452/1185/449 442/1186/440
f 442/1187/440 453/1188/450 443/1189/441
f 453/1190/450 444/1191/442 443/1192/441
f 454/1193/451 445/1194/443 444/1195/442
f 455/1196/452 446/1197/444 445/1198/443
f 456/1199/453 447/1200/445 446/1201/444
f 457/1202/454 448/1203/411 447/1204/445
f 31/289/115 459/1205/455 449/1206/446
f 449/1207/446 460/1208/456 450/1209/447
f 450/1210/447 461/1211/457 451/1212/448
f 451/1213/448 462/1214/458 452/1215/449
f 452/1216/449 463/1217/459 453/1218/450
f 463/1219/459 454/1220/451 453/1221/450
f 464/1222/460 455/1223/452 454/1224/451
f 465/1225/461 456/1226/453 455/1227/452
f 466/1228/462 457/1229/454 456/1230/453
f 467/1231/463 458/1232/412 457/1233/454
f 32/259/105 469/1234/464 459/1235/455
f 459/1236/455 470/1237/465 460/1238/456
f 460/1239/456 471/1240/466 461/1241/457
f 461/1242/457 472/1243/467 462/1244/458
f 462/1245/458 473/1246/468 463/1247/459
f 473/1248/468 464/1249/460 463/1250/459
f 474/1251/469 465/1252/461 464/1253/460
f 475/1254/470 466/1255/462 465/1256/461
f 476/1257/471 467/1258/463 466/1259/462
f 477/1260/472 468/1261/413 467/1262/463
f 34/1263/96 469/1264/464 33/229/95
f 479/1265/473 470/1266/465 469/1267/464
f 480/1268/474 471/1269/466 470/1270/465
f 471/1271/466 482/1272/475 472/1273/467
f 482/1274/475 473/1275/468 472/1276/467
f 483/1277/476 474/1278/469 473/1279/468
f 484/1280/477 475/1281/470 474/1282/469
f 485/1283/478 476/1284/471 475/1285/470
f 486/1286/479 477/1287/472 476/1288/471
f 487/1289/480 478/1290/414 477/1291/472
f 35/1292/85 479/1293/473 34/199/96
f 489/1294/481 480/1295/474 479/1296/473
f 490/1297/482 481/1298/483 480/1299/474
f 491/1300/484 482/1301/475 481/1302/483
f 492/1303/485 483/1304/476 482/1305/475
f 493/1306/486 484/1307/477 483/1308/476
f 484/1309/477 495/1310/487 485/1311/478
f 485/1312/478 496/1313/488 486/1314/479
f 486/1315/479 497/1316/489 487/1317/480
f 487/1318/480 498/1319/416 488/1320/415
f 36/1321/75 489/1322/481 35/167/85
f 499/1323/490 490/1324/482 489/1325/481
f 500/1326/491 491/1327/484 490/1328/482
f 501/1329/492 492/1330/485 491/1331/484
f 502/1332/493 493/1333/486 492/1334/485
f 503/1335/494 494/1336/495 493/1337/486
f 494/1338/495 505/1339/496 495/1340/487
f 495/1341/487 506/1342/497 496/1343/488
f 496/1344/488 507/1345/498 497/1346/489
f 497/1347/489 508/1348/417 498/1349/416
f 37/1350/65 499/1351/490 36/137/75
f 509/1352/499 500/1353/491 499/1354/490
f 510/1355/500 501/1356/492 500/1357/491
f 511/1358/501 502/1359/493 501/1360/492
f 512/1361/502 503/1362/494 502/1363/493
f 503/1364/494 514/1365/503 504/1366/504
f 504/1367/504 515/1368/505 505/1369/496
f 505/1370/496 516/1371/506 506/1372/497
f 506/1373/497 517/1374/507 507/1375/498
f 507/1376/498 518/1377/418 508/1378/417
f 38/1379/55 509/1380/499 37/107/65
f 519/1381/508 510/1382/500 509/1383/499
f 520/1384/509 511/1385/501 510/1386/500
f 521/1387/510 512/1388/502 511/1389/501
f 522/1390/511 513/1391/512 512/1392/502
f 523/1393/513 514/1394/503 513/1395/512
f 514/1396/503 525/1397/514 515/1398/505
f 515/1399/505 526/1400/515 516/1401/506
f 516/1402/506 527/1403/516 517/1404/507
f 517/1405/507 528/1406/7 518/1407/418
f 5/1408/36 519/1409/508 38/77/55
f 89/1410/517 520/1411/509 519/1412/508
f 90/1413/518 521/1414/510 520/1415/509
f 91/1416/519 522/1417/511 521/1418/510
f 92/1419/520 523/1420/513 522/1421/511
f 93/1422/521 524/1423/522 523/1424/513
f 524/1425/522 95/1426/523 525/1427/514
f 525/1428/514 96/1429/524 526/1430/515
f 526/1431/515 97/1432/525 527/1433/516
f 527/1434/516 98/1435/526 528/1436/7
f 538/1437/527 6/1438/8 98/1439/526
f 548/1440/528 109/1441/400 538/1442/527
f 558/1443/529 110/1444/401 548/1445/528
f 568/1446/530 111/1447/402 558/1448/529
f 578/1449/531 112/1450/403 568/1451/530
f 588/1452/532 113/1453/404 578/1454/531
f 588/1455/532 115/1076/406 114/1456/533
f 598/1457/534 116/1079/407 115/1458/406
f 608/1459/535 117/1082/408 116/1460/407
f 618/1461/536 118/1085/6 117/1462/408
f 5/47/36 529/1463/537 89/1464/517
f 89/1465/517 530/1466/538 90/1467/518
f 90/1468/518 531/1469/539 91/1470/519
f 91/1471/519 532/1472/540 92/1473/520
f 92/1474/520 533/1475/541 93/1476/521
f 533/1477/541 94/1478/542 93/1479/521
f 534/1480/543 95/1481/523 94/1482/542
f 535/1483/544 96/1484/524 95/1485/523
f 536/1486/545 97/1487/525 96/1488/524
f 537/1489/546 98/1490/526 97/1491/525
f 99/50/38 539/1492/547 529/1493/537
f 529/1494/537 540/1495/548 530/1496/538
f 530/1497/538 541/1498/549 531/1499/539
f 531/1500/539 542/1501/550 532/1502/540
f 532/1503/540 543/1504/551 533/1505/541
f 543/1506/551 534/1507/543 533/1508/541
f 544/1509/552 535/1510/544 534/1511/543
f 545/1512/553 536/1513/545 535/1514/544
f 546/1515/554 537/1516/546 536/1517/545
f 547/1518/555 538/1519/527 537/1520/546
f 100/53/40 549/1521/556 539/1522/547
f 539/1523/547 550/1524/557 540/1525/548
f 540/1526/548 551/1527/558 541/1528/549
f 541/1529/549 552/1530/559 542/1531/550
f 542/1532/550 553/1533/560 543/1534/551
f 543/1535/551 554/1536/561 544/1537/552
f 554/1538/561 545/1539/553 544/1540/552
f 555/1541/562 546/1542/554 545/1543/553
f 556/1544/563 547/1545/555 546/1546/554
f 557/1547/564 548/1548/528 547/1549/555
f 101/56/42 559/1550/565 549/1551/556
f 549/1552/556 560/1553/566 550/1554/557
f 550/1555/557 561/1556/567 551/1557/558
f 551/1558/558 562/1559/568 552/1560/559
f 552/1561/559 563/1562/569 553/1563/560
f 563/1564/569 554/1565/561 553/1566/560
f 564/1567/570 555/1568/562 554/1569/561
f 565/1570/571 556/1571/563 555/1572/562
f 566/1573/572 557/1574/564 556/1575/563
f 567/1576/573 558/1577/529 557/1578/564
f 102/59/44 569/1579/574 559/1580/565
f 559/1581/565 570/1582/575 560/1583/566
f 560/1584/566 571/1585/576 561/1586/567
f 561/1587/567 572/1588/577 562/1589/568
f 562/1590/568 573/1591/578 563/1592/569
f 563/1593/569 574/1594/579 564/1595/570
f 574/1596/579 565/1597/571 564/1598/570
f 575/1599/580 566/1600/572 565/1601/571
f 576/1602/581 567/1603/573 566/1604/572
f 577/1605/582 568/1606/530 567/1607/573
f 103/64/46 579/1608/583 569/1609/574
f 579/1610/583 570/1611/575 569/1612/574
f 570/1613/575 581/1614/584 571/1615/576
f 581/1616/584 572/1617/577 571/1618/576
f 572/1619/577 583/1620/585 573/1621/578
f 583/1622/585 574/1623/579 573/1624/578
f 584/1625/586 575/1626/580 574/1627/579
f 575/1628/580 586/1629/587 576/1630/581
f 576/1631/581 587/1632/588 577/1633/582
f 577/1634/582 588/1635/532 578/1636/531
f 105/1637/49 579/1638/583 104/67/47
f 589/1639/589 580/1640/590 579/1641/583
f 590/1642/591 581/1643/584 580/1644/590
f 591/1645/592 582/1646/593 581/1647/584
f 592/1648/594 583/1649/585 582/1650/593
f 593/1651/595 584/1652/586 583/1653/585
f 584/1654/586 595/1655/596 585/1656/597
f 585/1657/597 596/1658/598 586/1659/587
f 586/1660/587 597/1661/599 587/1662/588
f 587/1663/588 598/1664/534 588/1665/532
f 106/1666/51 589/1667/589 105/70/49
f 599/1668/600 590/1669/591 589/1670/589
f 600/1671/601 591/1672/592 590/1673/591
f 601/1674/602 592/1675/594 591/1676/592
f 602/1677/603 593/1678/595 592/1679/594
f 603/1680/604 594/1681/605 593/1682/595
f 594/1683/605 605/1684/606 595/1685/596
f 595/1686/596 606/1687/607 596/1688/598
f 596/1689/598 607/1690/608 597/1691/599
f 597/1692/599 608/1693/535 598/1694/534
f 107/1695/53 599/1696/600 106/73/51
f 609/1697/609 600/1698/601 599/1699/600
f 610/1700/610 601/1701/602 600/1702/601
f 611/1703/611 602/1704/603 601/1705/602
f 612/1706/612 603/1707/604 602/1708/603
f 603/1709/604 614/1710/613 604/1711/614
f 604/1712/614 615/1713/615 605/1714/606
f 605/1715/606 616/1716/616 606/1717/607
f 606/1718/607 617/1719/617 607/1720/608
f 607/1721/608 618/1722/536 608/1723/535
f 108/1724/19 609/1725/609 107/76/53
f 619/1726/618 610/1727/610 609/1728/609
f 620/1729/619 611/1730/611 610/1731/610
f 621/1732/620 612/1733/612 611/1734/611
f 622/1735/621 613/1736/622 612/1737/612
f 623/1738/623 614/1739/613 613/1740/622
f 614/1741/613 625/1742/624 615/1743/615
f 615/1744/615 626/1745/625 616/1746/616
f 616/1747/616 627/1748/626 617/1749/617
f 617/1750/617 628/1751/4 618/1752/536
f 8/1753/13 619/1754/618 108/20/19
f 128/1755/281 620/1756/619 619/1757/618
f 127/1758/280 621/1759/620 620/1760/619
f 126/1761/279 622/1762/621 621/1763/620
f 125/1764/278 623/1765/623 622/1766/621
f 124/1767/277 624/1768/627 623/1769/623
f 624/1770/627 122/1771/275 625/1772/624
f 625/1773/624 121/1774/274 626/1775/625
f 626/1776/625 120/1777/273 627/1778/626
f 627/1779/626 119/1780/272 628/1781/4
f 638/1782/628 4/378/16 28/1783/155
f 648/1784/629 68/425/157 638/1785/628
f 658/1786/630 67/422/181 648/1787/629
f 668/1788/631 66/419/179 658/1789/630
f 678/1790/632 65/416/177 668/1791/631
f 678/1792/632 63/1793/174 64/413/175
f 688/1794/633 62/1795/172 63/411/174
f 698/1796/634 61/1797/170 62/408/172
f 708/1798/635 60/1799/168 61/405/170
f 718/1800/636 59/1801/3 60/402/168
f 1/1117/145 629/1802/637 19/1803/146
f 19/1804/146 630/1805/638 20/1806/147
f 20/1807/147 631/1808/639 21/1809/148
f 21/1810/148 632/1811/640 22/1812/149
f 22/1813/149 633/1814/641 23/1815/150
f 23/1816/150 634/1817/642 24/1818/643
f 634/1819/642 25/1820/152 24/1821/643
f 635/1822/644 26/1823/153 25/1824/152
f 636/1825/645 27/1826/154 26/1827/153
f 637/1828/646 28/1829/155 27/1830/154
f 9/1120/420 639/1831/647 629/1832/637
f 629/1833/637 640/1834/648 630/1835/638
f 630/1836/638 641/1837/649 631/1838/639
f 631/1839/639 642/1840/650 632/1841/640
f 632/1842/640 643/1843/651 633/1844/641
f 643/1845/651 634/1846/642 633/1847/641
f 644/1848/652 635/1849/644 634/1850/642
f 645/1851/653 636/1852/645 635/1853/644
f 646/1854/654 637/1855/646 636/1856/645
f 647/1857/655 638/1858/628 637/1859/646
f 10/1123/422 649/1860/656 639/1861/647
f 639/1862/647 650/1863/657 640/1864/648
f 640/1865/648 651/1866/658 641/1867/649
f 641/1868/649 652/1869/659 642/1870/650
f 642/1871/650 653/1872/660 643/1873/651
f 643/1874/651 654/1875/661 644/1876/652
f 654/1877/661 645/1878/653 644/1879/652
f 655/1880/662 646/1881/654 645/1882/653
f 656/1883/663 647/1884/655 646/1885/654
f 657/1886/664 648/1887/629 647/1888/655
f 11/1126/424 659/1889/665 649/1890/656
f 649/1891/656 660/1892/666 650/1893/657
f 650/1894/657 661/1895/667 651/1896/658
f 651/1897/658 662/1898/668 652/1899/659
f 652/1900/659 663/1901/669 653/1902/660
f 663/1903/669 654/1904/661 653/1905/660
f 664/1906/670 655/1907/662 654/1908/661
f 665/1909/671 656/1910/663 655/1911/662
f 666/1912/672 657/1913/664 656/1914/663
f 667/1915/673 658/1916/630 657/1917/664
f 12/1129/426 669/1918/674 659/1919/665
f 659/1920/665 670/1921/675 660/1922/666
f 660/1923/666 671/1924/676 661/1925/667
f 661/1926/667 672/1927/677 662/1928/668
f 662/1929/668 673/1930/678 663/1931/669
f 673/1932/678 664/1933/670 663/1934/669
f 674/1935/679 665/1936/671 664/1937/670
f 675/1938/680 666/1939/672 665/1940/671
f 676/1941/681 667/1942/673 666/1943/672
f 677/1944/682 668/1945/631 667/1946/673
f 13/1134/428 679/1947/683 669/1948/674
f 679/1949/683 670/1950/675 669/1951/674
f 670/1952/675 681/1953/684 671/1954/676
f 681/1955/684 672/1956/677 671/1957/676
f 682/1958/685 673/1959/678 672/1960/677
f 683/1961/686 674/1962/679 673/1963/678
f 674/1964/679 685/1965/687 675/1966/680
f 675/1967/680 686/1968/688 676/1969/681
f 686/1970/688 677/1971/682 676/1972/681
f 687/1973/689 678/1974/632 677/1975/682
f 15/1976/431 679/1977/683 14/1137/429
f 689/1978/690 680/1979/691 679/1980/683
f 690/1981/692 681/1982/684 680/1983/691
f 691/1984/693 682/1985/685 681/1986/684
f 692/1987/694 683/1988/686 682/1989/685
f 683/1990/686 694/1991/695 684/1992/696
f 684/1993/696 695/1994/697 685/1995/687
f 685/1996/687 696/1997/698 686/1998/688
f 686/1999/688 697/2000/699 687/2001/689
f 687/2002/689 698/2003/634 688/2004/633
f 16/2005/433 689/2006/690 15/1140/431
f 699/2007/700 690/2008/692 689/2009/690
f 700/2010/701 691/2011/693 690/2012/692
f 701/2013/702 692/2014/694 691/2015/693
f 702/2016/703 693/2017/704 692/2018/694
f 703/2019/705 694/2020/695 693/2021/704
f 694/2022/695 705/2023/706 695/2024/697
f 695/2025/697 706/2026/707 696/2027/698
f 696/2028/698 707/2029/708 697/2030/699
f 697/2031/699 708/2032/635 698/2033/634
f 17/2034/435 699/2035/700 16/1143/433
f 709/2036/709 700/2037/701 699/2038/700
f 710/2039/710 701/2040/702 700/2041/701
f 711/2042/711 702/2043/703 701/2044/702
f 712/2045/712 703/2046/705 702/2047/703
f 713/2048/713 704/2049/714 703/2050/705
f 704/2051/714 715/2052/715 705/2053/706
f 705/2054/706 716/2055/716 706/2056/707
f 706/2057/707 717/2058/717 707/2059/708
f 707/2060/708 718/2061/636 708/2062/635
f 18/2063/410 709/2064/709 17/1146/435
f 719/2065/718 710/2066/710 709/2067/709
f 720/2068/719 711/2069/711 710/2070/710
f 721/2071/720 712/2072/712 711/2073/711
f 722/2074/721 713/2075/713 712/2076/712
f 713/2077/713 724/2078/722 714/2079/723
f 714/2080/723 725/2081/724 715/2082/715
f 715/2083/715 726/2084/725 716/2085/716
f 716/2086/716 727/2087/726 717/2088/717
f 717/2089/717 728/2090/1 718/2091/636
f 2/2092/292 719/2093/718 18/1089/410
f 39/2094/294 720/2095/719 719/2096/718
f 40/2097/296 721/2098/720 720/2099/719
f 41/2100/298 722/2101/721 721/2102/720
f 42/2103/300 723/2104/727 722/2105/721
f 43/2106/302 724/2107/722 723/2108/727
f 724/2109/722 45/2110/305 725/2111/724
f 725/2112/724 46/2113/307 726/2114/725
f 726/2115/725 47/2116/309 727/2117/726
f 727/2118/726 48/2119/283 728/2120/1
f 728/1/1 48/2121/283 3/2/2
f 628/4/4 119/700/272 7/5/5
f 528/7/7 98/2122/526 6/8/8
f 428/10/10 118/2123/6 7/5/5
f 328/12/12 128/1755/281 8/13/13
f 228/15/15 28/2124/155 4/16/16
f 138/18/18 88/397/14 8/19/13
f 148/21/20 87/395/22 88/14/14
f 158/23/21 86/393/24 87/24/22
f 168/26/23 85/391/26 86/27/24
f 178/29/25 84/389/28 85/30/26
f 178/32/25 188/2125/29 83/33/27
f 188/35/29 198/2126/31 82/36/30
f 198/38/31 208/2127/33 81/39/32
f 208/41/33 218/2128/35 80/42/34
f 218/44/35 228/2129/15 79/45/17
f 5/47/36 38/1379/55 129/48/37
f 99/50/38 129/2130/37 130/51/39
f 100/53/40 130/2131/39 131/54/41
f 101/56/42 131/2132/41 132/57/43
f 102/59/44 132/2133/43 133/60/45
f 133/62/45 134/2134/48 104/63/47
f 134/65/48 135/2135/50 105/66/49
f 135/68/50 136/2136/52 106/69/51
f 136/71/52 137/2137/54 107/72/53
f 137/74/54 138/2138/18 108/75/19
f 38/77/55 37/1350/65 139/78/56
f 129/80/37 139/2139/56 140/81/57
f 130/83/39 140/2140/57 141/84/58
f 131/86/41 141/2141/58 142/87/59
f 132/89/43 142/2142/59 143/90/60
f 143/92/60 144/2143/61 134/93/48
f 144/95/61 145/2144/62 135/96/50
f 145/98/62 146/2145/63 136/99/52
f 146/101/63 147/2146/64 137/102/54
f 147/104/64 148/2147/20 138/105/18
f 37/107/65 36/1321/75 149/108/66
f 139/110/56 149/2148/66 150/111/67
f 140/113/57 150/2149/67 151/114/68
f 141/116/58 151/2150/68 152/117/69
f 142/119/59 152/2151/69 153/120/70
f 153/122/70 154/2152/71 144/123/61
f 154/125/71 155/2153/72 145/126/62
f 155/128/72 156/2154/73 146/129/63
f 156/131/73 157/2155/74 147/132/64
f 157/134/74 158/2156/21 148/135/20
f 36/137/75 35/1292/85 159/138/76
f 149/140/66 159/2157/76 160/141/77
f 150/143/67 160/2158/77 161/144/78
f 151/146/68 161/2159/78 162/147/79
f 152/149/69 162/2160/79 163/150/80
f 153/152/70 163/2161/80 164/153/81
f 164/155/81 165/2162/82 155/156/72
f 165/158/82 166/2163/83 156/159/73
f 166/161/83 167/2164/84 157/162/74
f 167/164/84 168/2165/23 158/165/21
f 35/167/85 34/1263/96 169/168/86
f 159/170/76 169/2166/86 170/171/87
f 160/173/77 170/2167/87 171/174/88
f 161/176/78 171/2168/88 172/177/89
f 162/179/79 172/2169/89 173/180/90
f 173/182/90 174/2170/91 164/183/81
f 174/185/91 175/2171/92 165/186/82
f 175/188/92 176/2172/93 166/189/83
f 176/191/93 177/2173/94 167/192/84
f 177/194/94 178/2174/25 168/195/23
f 33/197/95 179/2175/97 169/198/86
f 179/200/97 180/2176/98 170/201/87
f 180/203/98 181/2177/99 171/204/88
f 181/206/99 182/2178/100 172/207/89
f 182/209/100 183/2179/101 173/210/90
f 183/212/101 184/2180/102 174/213/91
f 184/215/102 185/2181/103 175/216/92
f 185/218/103 186/2182/113 176/219/93
f 176/221/93 186/2183/113 187/222/104
f 187/224/104 188/2184/29 178/225/25
f 32/227/105 189/2185/106 179/228/97
f 189/230/106 190/2186/107 180/231/98
f 190/233/107 191/2187/108 181/234/99
f 191/236/108 192/2188/109 182/237/100
f 192/239/109 193/2189/110 183/240/101
f 193/242/110 194/2190/121 184/243/102
f 184/245/102 194/2191/121 195/246/111
f 185/248/103 195/2192/111 196/249/112
f 186/251/113 196/2193/112 197/252/114
f 187/254/104 197/2194/114 198/255/31
f 31/257/115 199/2195/116 189/258/106
f 199/260/116 200/2196/117 190/261/107
f 200/263/117 201/2197/118 191/264/108
f 201/266/118 202/2198/119 192/267/109
f 202/269/119 203/2199/120 193/270/110
f 203/272/120 204/2200/131 194/273/121
f 194/275/121 204/2201/131 205/276/122
f 195/278/111 205/2202/122 206/279/123
f 196/281/112 206/2203/123 207/282/124
f 197/284/114 207/2204/124 208/285/33
f 30/287/125 209/2205/126 199/288/116
f 209/290/126 210/2206/127 200/291/117
f 210/293/127 211/2207/128 201/294/118
f 211/296/128 212/2208/129 202/297/119
f 212/299/129 213/2209/140 203/300/120
f 203/302/120 213/2210/140 214/303/130
f 204/305/131 214/2211/130 215/306/132
f 205/308/122 215/2212/132 216/309/133
f 206/311/123 216/2213/133 217/312/134
f 207/314/124 217/2214/134 218/315/35
f 29/317/135 219/2215/136 209/318/126
f 219/320/136 220/2216/137 210/321/127
f 220/323/137 221/2217/138 211/324/128
f 221/326/138 222/2218/139 212/327/129
f 222/329/139 223/2219/141 213/330/140
f 223/332/141 224/2220/151 214/333/130
f 214/335/130 224/2221/151 225/336/142
f 215/338/132 225/2222/142 226/339/143
f 216/341/133 226/2223/143 227/342/144
f 217/344/134 227/2224/144 228/345/15
f 1/347/145 19/2225/146 219/348/136
f 19/350/146 20/2226/147 220/351/137
f 20/353/147 21/2227/148 221/354/138
f 21/356/148 22/2228/149 222/357/139
f 22/359/149 23/2229/150 223/360/141
f 23/362/150 24/2230/643 224/363/151
f 224/365/151 24/2231/643 25/366/152
f 225/368/142 25/2232/152 26/369/153
f 226/371/143 26/2233/153 27/372/154
f 227/374/144 27/2234/154 28/375/155
f 238/377/156 79/45/17 4/378/16
f 248/380/158 80/42/34 79/17/17
f 258/382/159 81/39/32 80/46/34
f 268/384/160 82/36/30 81/43/32
f 278/386/161 83/33/27 82/40/30
f 278/388/161 288/2235/162 84/389/28
f 288/390/162 298/2236/163 85/391/26
f 298/392/163 308/2237/164 86/393/24
f 308/394/164 318/2238/165 87/395/22
f 318/396/165 328/2239/12 88/397/14
f 3/398/2 69/2240/183 229/399/166
f 59/400/3 229/2241/166 230/401/167
f 60/403/168 230/2242/167 231/404/169
f 61/406/170 231/2243/169 232/407/171
f 62/409/172 232/2244/171 233/410/173
f 233/412/173 234/2245/176 64/413/175
f 234/415/176 235/2246/178 65/416/177
f 235/418/178 236/2247/180 66/419/179
f 236/421/180 237/2248/182 67/422/181
f 237/424/182 238/2249/156 68/425/157
f 69/427/183 70/2250/193 239/428/184
f 229/430/166 239/2251/184 240/431/185
f 230/433/167 240/2252/185 241/434/186
f 231/436/169 241/2253/186 242/437/187
f 232/439/171 242/2254/187 243/440/188
f 243/442/188 244/2255/189 234/443/176
f 244/445/189 245/2256/190 235/446/178
f 245/448/190 246/2257/191 236/449/180
f 246/451/191 247/2258/192 237/452/182
f 247/454/192 248/2259/158 238/455/156
f 70/457/193 71/2260/203 249/458/194
f 239/460/184 249/2261/194 250/461/195
f 240/463/185 250/2262/195 251/464/196
f 241/466/186 251/2263/196 252/467/197
f 242/469/187 252/2264/197 253/470/198
f 253/472/198 254/2265/199 244/473/189
f 254/475/199 255/2266/200 245/476/190
f 255/478/200 256/2267/201 246/479/191
f 256/481/201 257/2268/202 247/482/192
f 257/484/202 258/2269/159 248/485/158
f 71/487/203 72/2270/213 259/488/204
f 249/490/194 259/2271/204 260/491/205
f 250/493/195 260/2272/205 261/494/206
f 251/496/196 261/2273/206 262/497/207
f 252/499/197 262/2274/207 263/500/208
f 253/502/198 263/2275/208 264/503/209
f 264/505/209 265/2276/210 255/506/200
f 265/508/210 266/2277/211 256/509/201
f 266/511/211 267/2278/212 257/512/202
f 267/514/212 268/2279/160 258/515/159
f 72/517/213 73/2280/224 269/518/214
f 259/520/204 269/2281/214 270/521/215
f 260/523/205 270/2282/215 271/524/216
f 261/526/206 271/2283/216 272/527/217
f 262/529/207 272/2284/217 273/530/218
f 273/532/218 274/2285/219 264/533/209
f 274/535/219 275/2286/220 265/536/210
f 275/538/220 276/2287/221 266/539/211
f 276/541/221 277/2288/222 267/542/212
f 277/544/222 278/2289/161 268/545/160
f 74/547/223 279/2290/225 269/548/214
f 279/550/225 280/2291/226 270/551/215
f 280/553/226 281/2292/227 271/554/216
f 281/556/227 282/2293/228 272/557/217
f 282/559/228 283/2294/237 273/560/218
f 273/562/218 283/2295/237 284/563/229
f 284/565/229 285/2296/230 275/566/220
f 285/568/230 286/2297/241 276/569/221
f 276/571/221 286/2298/241 287/572/231
f 277/574/222 287/2299/231 288/575/162
f 75/577/232 289/2300/233 279/578/225
f 289/580/233 290/2301/234 280/581/226
f 290/583/234 291/2302/235 281/584/227
f 291/586/235 292/2303/236 282/587/228
f 292/589/236 293/2304/238 283/590/237
f 293/592/238 294/2305/249 284/593/229
f 284/595/229 294/2306/249 295/596/239
f 285/598/230 295/2307/239 296/599/240
f 286/601/241 296/2308/240 297/602/242
f 287/604/231 297/2309/242 298/605/163
f 76/607/243 299/2310/244 289/608/233
f 299/610/244 300/2311/245 290/611/234
f 300/613/245 301/2312/246 291/614/235
f 301/616/246 302/2313/247 292/617/236
f 302/619/247 303/2314/248 293/620/238
f 303/622/248 304/2315/259 294/623/249
f 294/625/249 304/2316/259 305/626/250
f 295/628/239 305/2317/250 306/629/251
f 296/631/240 306/2318/251 307/632/252
f 297/634/242 307/2319/252 308/635/164
f 77/637/253 309/2320/254 299/638/244
f 309/640/254 310/2321/255 300/641/245
f 310/643/255 311/2322/256 301/644/246
f 311/646/256 312/2323/257 302/647/247
f 312/649/257 313/2324/267 303/650/248
f 303/652/248 313/2325/267 314/653/258
f 304/655/259 314/2326/258 315/656/260
f 305/658/250 315/2327/260 316/659/261
f 306/661/251 316/2328/261 317/662/262
f 307/664/252 317/2329/262 318/665/165
f 78/667/11 319/2330/263 309/668/254
f 319/670/263 320/2331/264 310/671/255
f 320/673/264 321/2332/265 311/674/256
f 321/676/265 322/2333/266 312/677/257
f 322/679/266 323/2334/276 313/680/267
f 313/682/267 323/2335/276 324/683/268
f 314/685/258 324/2336/268 325/686/269
f 315/688/260 325/2337/269 326/689/270
f 316/691/261 326/2338/270 327/692/271
f 317/694/262 327/2339/271 328/695/12
f 7/697/5 119/1780/272 319/698/263
f 119/700/272 120/1777/273 320/701/264
f 120/703/273 121/1774/274 321/704/265
f 121/706/274 122/1771/275 322/707/266
f 122/709/275 123/2340/728 323/710/276
f 323/712/276 123/2341/728 124/713/277
f 324/715/268 124/1767/277 125/716/278
f 325/718/269 125/1764/278 126/719/279
f 326/721/270 126/1761/279 127/722/280
f 327/724/271 127/1758/280 128/725/281
f 338/727/282 69/2342/183 3/728/2
f 348/730/284 70/2343/193 69/731/183
f 358/733/285 71/2344/203 70/734/193
f 368/736/286 72/2345/213 71/737/203
f 378/739/287 73/2346/224 72/740/213
f 388/742/288 74/2347/223 73/743/224
f 388/745/288 398/2348/289 75/746/232
f 398/748/289 408/2349/290 76/749/243
f 408/751/290 418/2350/291 77/752/253
f 418/754/291 428/2351/10 78/755/11
f 2/757/292 49/2352/311 329/758/293
f 39/760/294 329/2353/293 330/761/295
f 40/763/296 330/2354/295 331/764/297
f 41/766/298 331/2355/297 332/767/299
f 42/769/300 332/2356/299 333/770/301
f 333/772/301 334/2357/304 44/773/303
f 334/775/304 335/2358/306 45/776/305
f 335/778/306 336/2359/308 46/779/307
f 336/781/308 337/2360/310 47/782/309
f 337/784/310 338/2361/282 48/785/283
f 49/787/311 50/2362/321 339/788/312
f 329/790/293 339/2363/312 340/791/313
f 330/793/295 340/2364/313 341/794/314
f 331/796/297 341/2365/314 342/797/315
f 332/799/299 342/2366/315 343/800/316
f 343/802/316 344/2367/317 334/803/304
f 344/805/317 345/2368/318 335/806/306
f 345/808/318 346/2369/319 336/809/308
f 346/811/319 347/2370/320 337/812/310
f 347/814/320 348/2371/284 338/815/282
f 50/817/321 51/2372/331 349/818/322
f 339/820/312 349/2373/322 350/821/323
f 340/823/313 350/2374/323 351/824/324
f 341/826/314 351/2375/324 352/827/325
f 342/829/315 352/2376/325 353/830/326
f 353/832/326 354/2377/327 344/833/317
f 354/835/327 355/2378/328 345/836/318
f 355/838/328 356/2379/329 346/839/319
f 356/841/329 357/2380/330 347/842/320
f 357/844/330 358/2381/285 348/845/284
f 51/847/331 52/2382/341 359/848/332
f 349/850/322 359/2383/332 360/851/333
f 350/853/323 360/2384/333 361/854/334
f 351/856/324 361/2385/334 362/857/335
f 352/859/325 362/2386/335 363/860/336
f 363/862/336 364/2387/337 354/863/327
f 364/865/337 365/2388/338 355/866/328
f 365/868/338 366/2389/339 356/869/329
f 366/871/339 367/2390/340 357/872/330
f 367/874/340 368/2391/286 358/875/285
f 52/877/341 53/2392/352 369/878/342
f 359/880/332 369/2393/342 370/881/343
f 360/883/333 370/2394/343 371/884/344
f 361/886/334 371/2395/344 372/887/345
f 362/889/335 372/2396/345 373/890/346
f 373/892/346 374/2397/347 364/893/337
f 374/895/347 375/2398/348 365/896/338
f 375/898/348 376/2399/349 366/899/339
f 376/901/349 377/2400/350 367/902/340
f 377/904/350 378/2401/287 368/905/286
f 54/907/351 379/2402/353 369/908/342
f 379/910/353 380/2403/354 370/911/343
f 380/913/354 381/2404/355 371/914/344
f 381/916/355 382/2405/356 372/917/345
f 382/919/356 383/2406/357 373/920/346
f 383/922/357 384/2407/358 374/923/347
f 384/925/358 385/2408/359 375/926/348
f 385/928/359 386/2409/360 376/929/349
f 386/931/360 387/2410/361 377/932/350
f 387/934/361 388/2411/288 378/935/287
f 55/937/362 389/2412/363 379/938/353
f 389/940/363 390/2413/364 380/941/354
f 390/943/364 391/2414/365 381/944/355
f 391/946/365 392/2415/366 382/947/356
f 392/949/366 393/2416/367 383/950/357
f 393/952/367 394/2417/377 384/953/358
f 384/955/358 394/2418/377 395/956/368
f 385/958/359 395/2419/368 396/959/369
f 386/961/360 396/2420/369 397/962/370
f 387/964/361 397/2421/370 398/965/289
f 56/967/371 399/2422/372 389/968/363
f 399/970/372 400/2423/373 390/971/364
f 400/973/373 401/2424/374 391/974/365
f 401/976/374 402/2425/375 392/977/366
f 402/979/375 403/2426/376 393/980/367
f 403/982/376 404/2427/387 394/983/377
f 394/985/377 404/2428/387 405/986/378
f 395/988/368 405/2429/378 406/989/379
f 396/991/369 406/2430/379 407/992/380
f 397/994/370 407/2431/380 408/995/290
f 57/997/381 409/2432/382 399/998/372
f 409/1000/382 410/2433/383 400/1001/373
f 410/1003/383 411/2434/384 401/1004/374
f 411/1006/384 412/2435/385 402/1007/375
f 412/1009/385 413/2436/386 403/1010/376
f 413/1012/386 414/2437/396 404/1013/387
f 404/1015/387 414/2438/396 415/1016/388
f 405/1018/378 415/2439/388 416/1019/389
f 406/1021/379 416/2440/389 417/1022/390
f 407/1024/380 417/2441/390 418/1025/291
f 58/1027/9 419/2442/391 409/1028/382
f 419/1030/391 420/2443/392 410/1031/383
f 420/1033/392 421/2444/393 411/1034/384
f 421/1036/393 422/2445/394 412/1037/385
f 422/1039/394 423/2446/395 413/1040/386
f 423/1042/395 424/2447/405 414/1043/396
f 414/1045/396 424/2448/405 425/1046/397
f 415/1048/388 425/2449/397 426/1049/398
f 416/1051/389 426/2450/398 427/1052/399
f 417/1054/390 427/2451/399 428/1055/10
f 6/1057/8 109/2452/400 419/1058/391
f 109/1060/400 110/2453/401 420/1061/392
f 110/1063/401 111/2454/402 421/1064/393
f 111/1066/402 112/2455/403 422/1067/394
f 112/1069/403 113/2456/404 423/1070/395
f 113/1072/404 114/2457/533 424/1073/405
f 424/1075/405 114/2458/533 115/1076/406
f 425/1078/397 115/2459/406 116/1079/407
f 426/1081/398 116/2460/407 117/1082/408
f 427/1084/399 117/2461/408 118/1085/6
f 438/1087/409 49/2462/311 2/1088/292
f 448/1090/411 50/2463/321 49/1091/311
f 458/1093/412 51/2464/331 50/1094/321
f 468/1096/413 52/2465/341 51/1097/331
f 478/1099/414 53/2466/352 52/1100/341
f 488/1102/415 54/2467/351 53/1103/352
f 488/1105/415 498/2468/416 55/1106/362
f 498/1108/416 508/2469/417 56/1109/371
f 508/1111/417 518/2470/418 57/1112/381
f 518/1114/418 528/2471/7 58/1115/9
f 1/1117/145 29/317/135 429/1118/419
f 9/1120/420 429/2472/419 430/1121/421
f 10/1123/422 430/2473/421 431/1124/423
f 11/1126/424 431/2474/423 432/1127/425
f 12/1129/426 432/2475/425 433/1130/427
f 433/1132/427 434/2476/430 14/1133/429
f 434/1135/430 435/2477/432 15/1136/431
f 435/1138/432 436/2478/434 16/1139/433
f 436/1141/434 437/2479/436 17/1142/435
f 437/1144/436 438/2480/409 18/1145/410
f 29/349/135 30/287/125 439/1147/437
f 429/1149/419 439/2481/437 440/1150/438
f 430/1152/421 440/2482/438 441/1153/439
f 431/1155/423 441/2483/439 442/1156/440
f 432/1158/425 442/2484/440 443/1159/441
f 443/1161/441 444/2485/442 434/1162/430
f 444/1164/442 445/2486/443 435/1165/432
f 445/1167/443 446/2487/444 436/1168/434
f 446/1170/444 447/2488/445 437/1171/436
f 447/1173/445 448/2489/411 438/1174/409
f 30/319/125 31/257/115 449/1176/446
f 439/1178/437 449/2490/446 450/1179/447
f 440/1181/438 450/2491/447 451/1182/448
f 441/1184/439 451/2492/448 452/1185/449
f 442/1187/440 452/2493/449 453/1188/450
f 453/1190/450 454/2494/451 444/1191/442
f 454/1193/451 455/2495/452 445/1194/443
f 455/1196/452 456/2496/453 446/1197/444
f 456/1199/453 457/2497/454 447/1200/445
f 457/1202/454 458/2498/412 448/1203/411
f 31/289/115 32/227/105 459/1205/455
f 449/1207/446 459/2499/455 460/1208/456
f 450/1210/447 460/2500/456 461/1211/457
f 451/1213/448 461/2501/457 462/1214/458
f 452/1216/449 462/2502/458 463/1217/459
f 463/1219/459 464/2503/460 454/1220/451
f 464/1222/460 465/2504/461 455/1223/452
f 465/1225/461 466/2505/462 456/1226/453
f 466/1228/462 467/2506/463 457/1229/454
f 467/1231/463 468/2507/413 458/1232/412
f 32/259/105 33/197/95 469/1234/464
f 459/1236/455 469/2508/464 470/1237/465
f 460/1239/456 470/2509/465 471/1240/466
f 461/1242/457 471/2510/466 472/1243/467
f 462/1245/458 472/2511/467 473/1246/468
f 473/1248/468 474/2512/469 464/1249/460
f 474/1251/469 475/2513/470 465/1252/461
f 475/1254/470 476/2514/471 466/1255/462
f 476/1257/471 477/2515/472 467/1258/463
f 477/1260/472 478/2516/414 468/1261/413
f 34/1263/96 479/2517/473 469/1264/464
f 479/1265/473 480/2518/474 470/1266/465
f 480/1268/474 481/2519/483 471/1269/466
f 471/1271/466 481/2520/483 482/1272/475
f 482/1274/475 483/2521/476 473/1275/468
f 483/1277/476 484/2522/477 474/1278/469
f 484/1280/477 485/2523/478 475/1281/470
f 485/1283/478 486/2524/479 476/1284/471
f 486/1286/479 487/2525/480 477/1287/472
f 487/1289/480 488/2526/415 478/1290/414
f 35/1292/85 489/2527/481 479/1293/473
f 489/1294/481 490/2528/482 480/1295/474
f 490/1297/482 491/2529/484 481/1298/483
f 491/1300/484 492/2530/485 482/1301/475
f 492/1303/485 493/2531/486 483/1304/476
f 493/1306/486 494/2532/495 484/1307/477
f 484/1309/477 494/2533/495 495/1310/487
f 485/1312/478 495/2534/487 496/1313/488
f 486/1315/479 496/2535/488 497/1316/489
f 487/1318/480 497/2536/489 498/1319/416
f 36/1321/75 499/2537/490 489/1322/481
f 499/1323/490 500/2538/491 490/1324/482
f 500/1326/491 501/2539/492 491/1327/484
f 501/1329/492 502/2540/493 492/1330/485
f 502/1332/493 503/2541/494 493/1333/486
f 503/1335/494 504/2542/504 494/1336/495
f 494/1338/495 504/2543/504 505/1339/496
f 495/1341/487 505/2544/496 506/1342/497
f 496/1344/488 506/2545/497 507/1345/498
f 497/1347/489 507/2546/498 508/1348/417
f 37/1350/65 509/2547/499 499/1351/490
f 509/1352/499 510/2548/500 500/1353/491
f 510/1355/500 511/2549/501 501/1356/492
f 511/1358/501 512/2550/502 502/1359/493
f 512/1361/502 513/2551/512 503/1362/494
f 503/1364/494 513/2552/512 514/1365/503
f 504/1367/504 514/2553/503 515/1368/505
f 505/1370/496 515/2554/505 516/1371/506
f 506/1373/497 516/2555/506 517/1374/507
f 507/1376/498 517/2556/507 518/1377/418
f 38/1379/55 519/2557/508 509/1380/499
f 519/1381/508 520/2558/509 510/1382/500
f 520/1384/509 521/2559/510 511/1385/501
f 521/1387/510 522/2560/511 512/1388/502
f 522/1390/511 523/2561/513 513/1391/512
f 523/1393/513 524/2562/522 514/1394/503
f 514/1396/503 524/2563/522 525/1397/514
f 515/1399/505 525/2564/514 526/1400/515
f 516/1402/506 526/2565/515 527/1403/516
f 517/1405/507 527/2566/516 528/1406/7
f 5/1408/36 89/2567/517 519/1409/508
f 89/1410/517 90/2568/518 520/1411/509
f 90/1413/518 91/2569/519 521/1414/510
f 91/1416/519 92/2570/520 522/1417/511
f 92/1419/520 93/2571/521 523/1420/513
f 93/1422/521 94/2572/542 524/1423/522
f 524/1425/522 94/2573/542 95/1426/523
f 525/1428/514 95/2574/523 96/1429/524
f 526/1431/515 96/2575/524 97/1432/525
f 527/1434/516 97/2576/525 98/1435/526
f 538/1437/527 109/2452/400 6/1438/8
f 548/1440/528 110/2453/401 109/1441/400
f 558/1443/529 111/2454/402 110/1444/401
f 568/1446/530 112/2455/403 111/1447/402
f 578/1449/531 113/2456/404 112/1450/403
f 588/1452/532 114/2457/533 113/1453/404
f 588/1455/532 598/2577/534 115/1076/406
f 598/1457/534 608/2578/535 116/1079/407
f 608/1459/535 618/2579/536 117/1082/408
f 618/1461/536 628/2580/4 118/1085/6
f 5/47/36 99/2581/38 529/1463/537
f 89/1465/517 529/2582/537 530/1466/538
f 90/1468/518 530/2583/538 531/1469/539
f 91/1471/519 531/2584/539 532/1472/540
f 92/1474/520 532/2585/540 533/1475/541
f 533/1477/541 534/2586/543 94/1478/542
f 534/1480/543 535/2587/544 95/1481/523
f 535/1483/544 536/2588/545 96/1484/524
f 536/1486/545 537/2589/546 97/1487/525
f 537/1489/546 538/2590/527 98/1490/526
f 99/50/38 100/2591/40 539/1492/547
f 529/1494/537 539/2592/547 540/1495/548
f 530/1497/538 540/2593/548 541/1498/549
f 531/1500/539 541/2594/549 542/1501/550
f 532/1503/540 542/2595/550 543/1504/551
f 543/1506/551 544/2596/552 534/1507/543
f 544/1509/552 545/2597/553 535/1510/544
f 545/1512/553 546/2598/554 536/1513/545
f 546/1515/554 547/2599/555 537/1516/546
f 547/1518/555 548/2600/528 538/1519/527
f 100/53/40 101/2601/42 549/1521/556
f 539/1523/547 549/2602/556 550/1524/557
f 540/1526/548 550/2603/557 551/1527/558
f 541/1529/549 551/2604/558 552/1530/559
f 542/1532/550 552/2605/559 553/1533/560
f 543/1535/551 553/2606/560 554/1536/561
f 554/1538/561 555/2607/562 545/1539/553
f 555/1541/562 556/2608/563 546/1542/554
f 556/1544/563 557/2609/564 547/1545/555
f 557/1547/564 558/2610/529 548/1548/528
f 101/56/42 102/2611/44 559/1550/565
f 549/1552/556 559/2612/565 560/1553/566
f 550/1555/557 560/2613/566 561/1556/567
f 551/1558/558 561/2614/567 562/1559/568
f 552/1561/559 562/2615/568 563/1562/569
f 563/1564/569 564/2616/570 554/1565/561
f 564/1567/570 565/2617/571 555/1568/562
f 565/1570/571 566/2618/572 556/1571/563
f 566/1573/572 567/2619/573 557/1574/564
f 567/1576/573 568/2620/530 558/1577/529
f 102/59/44 103/2621/46 569/1579/574
f 559/1581/565 569/2622/574 570/1582/575
f 560/1584/566 570/2623/575 571/1585/576
f 561/1587/567 571/2624/576 572/1588/577
f 562/1590/568 572/2625/577 573/1591/578
f 563/1593/569 573/2626/578 574/1594/579
f 574/1596/579 575/2627/580 565/1597/571
f 575/1599/580 576/2628/581 566/1600/572
f 576/1602/581 577/2629/582 567/1603/573
f 577/1605/582 578/2630/531 568/1606/530
f 103/64/46 104/2631/47 579/1608/583
f 579/1610/583 580/2632/590 570/1611/575
f 570/1613/575 580/2633/590 581/1614/584
f 581/1616/584 582/2634/593 572/1617/577
f 572/1619/577 582/2635/593 583/1620/585
f 583/1622/585 584/2636/586 574/1623/579
f 584/1625/586 585/2637/597 575/1626/580
f 575/1628/580 585/2638/597 586/1629/587
f 576/1631/581 586/2639/587 587/1632/588
f 577/1634/582 587/2640/588 588/1635/532
f 105/1637/49 589/2641/589 579/1638/583
f 589/1639/589 590/2642/591 580/1640/590
f 590/1642/591 591/2643/592 581/1643/584
f 591/1645/592 592/2644/594 582/1646/593
f 592/1648/594 593/2645/595 583/1649/585
f 593/1651/595 594/2646/605 584/1652/586
f 584/1654/586 594/2647/605 595/1655/596
f 585/1657/597 595/2648/596 596/1658/598
f 586/1660/587 596/2649/598 597/1661/599
f 587/1663/588 597/2650/599 598/1664/534
f 106/1666/51 599/2651/600 589/1667/589
f 599/1668/600 600/2652/601 590/1669/591
f 600/1671/601 601/2653/602 591/1672/592
f 601/1674/602 602/2654/603 592/1675/594
f 602/1677/603 603/2655/604 593/1678/595
f 603/1680/604 604/2656/614 594/1681/605
f 594/1683/605 604/2657/614 605/1684/606
f 595/1686/596 605/2658/606 606/1687/607
f 596/1689/598 606/2659/607 607/1690/608
f 597/1692/599 607/2660/608 608/1693/535
f 107/1695/53 609/2661/609 599/1696/600
f 609/1697/609 610/2662/610 600/1698/601
f 610/1700/610 611/2663/611 601/1701/602
f 611/1703/611 612/2664/612 602/1704/603
f 612/1706/612 613/2665/622 603/1707/604
f 603/1709/604 613/2666/622 614/1710/613
f 604/1712/614 614/2667/613 615/1713/615
f 605/1715/606 615/2668/615 616/1716/616
f 606/1718/607 616/2669/616 617/1719/617
f 607/1721/608 617/2670/617 618/1722/536
f 108/1724/19 619/2671/618 609/1725/609
f 619/1726/618 620/2672/619 610/1727/610
f 620/1729/619 621/2673/620 611/1730/611
f 621/1732/620 622/2674/621 612/1733/612
f 622/1735/621 623/2675/623 613/1736/622
f 623/1738/623 624/2676/627 614/1739/613
f 614/1741/613 624/2677/627 625/1742/624
f 615/1744/615 625/2678/624 626/1745/625
f 616/1747/616 626/2679/625 627/1748/626
f 617/1750/617 627/2680/626 628/1751/4
f 8/1753/13 128/725/281 619/1754/618
f 128/1755/281 127/722/280 620/1756/619
f 127/1758/280 126/719/279 621/1759/620
f 126/1761/279 125/716/278 622/1762/621
f 125/1764/278 124/713/277 623/1765/623
f 124/1767/277 123/2340/728 624/1768/627
f 624/1770/627 123/2341/728 122/1771/275
f 625/1773/624 122/709/275 121/1774/274
f 626/1776/625 121/706/274 120/1777/273
f 627/1779/626 120/703/273 119/1780/272
f 638/1782/628 68/2681/157 4/378/16
f 648/1784/629 67/2682/181 68/425/157
f 658/1786/630 66/2683/179 67/422/181
f 668/1788/631 65/2684/177 66/419/179
f 678/1790/632 64/2685/175 65/416/177
f 678/1792/632 688/2686/633 63/1793/174
f 688/1794/633 698/2687/634 62/1795/172
f 698/1796/634 708/2688/635 61/1797/170
f 708/1798/635 718/2689/636 60/1799/168
f 718/1800/636 728/2690/1 59/1801/3
f 1/1117/145 9/2691/420 629/1802/637
f 19/1804/146 629/2692/637 630/1805/638
f 20/1807/147 630/2693/638 631/1808/639
f 21/1810/148 631/2694/639 632/1811/640
f 22/1813/149 632/2695/640 633/1814/641
f 23/1816/150 633/2696/641 634/1817/642
f 634/1819/642 635/2697/644 25/1820/152
f 635/1822/644 636/2698/645 26/1823/153
f 636/1825/645 637/2699/646 27/1826/154
f 637/1828/646 638/2700/628 28/1829/155
f 9/1120/420 10/2701/422 639/1831/647
f 629/1833/637 639/2702/647 640/1834/648
f 630/1836/638 640/2703/648 641/1837/649
f 631/1839/639 641/2704/649 642/1840/650
f 632/1842/640 642/2705/650 643/1843/651
f 643/1845/651 644/2706/652 634/1846/642
f 644/1848/652 645/2707/653 635/1849/644
f 645/1851/653 646/2708/654 636/1852/645
f 646/1854/654 647/2709/655 637/1855/646
f 647/1857/655 648/2710/629 638/1858/628
f 10/1123/422 11/2711/424 649/1860/656
f 639/1862/647 649/2712/656 650/1863/657
f 640/1865/648 650/2713/657 651/1866/658
f 641/1868/649 651/2714/658 652/1869/659
f 642/1871/650 652/2715/659 653/1872/660
f 643/1874/651 653/2716/660 654/1875/661
f 654/1877/661 655/2717/662 645/1878/653
f 655/1880/662 656/2718/663 646/1881/654
f 656/1883/663 657/2719/664 647/1884/655
f 657/1886/664 658/2720/630 648/1887/629
f 11/1126/424 12/2721/426 659/1889/665
f 649/1891/656 659/2722/665 660/1892/666
f 650/1894/657 660/2723/666 661/1895/667
f 651/1897/658 661/2724/667 662/1898/668
f 652/1900/659 662/2725/668 663/1901/669
f 663/1903/669 664/2726/670 654/1904/661
f 664/1906/670 665/2727/671 655/1907/662
f 665/1909/671 666/2728/672 656/1910/663
f 666/1912/672 667/2729/673 657/1913/664
f 667/1915/673 668/2730/631 658/1916/630
f 12/1129/426 13/2731/428 669/1918/674
f 659/1920/665 669/2732/674 670/1921/675
f 660/1923/666 670/2733/675 671/1924/676
f 661/1926/667 671/2734/676 672/1927/677
f 662/1929/668 672/2735/677 673/1930/678
f 673/1932/678 674/2736/679 664/1933/670
f 674/1935/679 675/2737/680 665/1936/671
f 675/1938/680 676/2738/681 666/1939/672
f 676/1941/681 677/2739/682 667/1942/673
f 677/1944/682 678/2740/632 668/1945/631
f 13/1134/428 14/2741/429 679/1947/683
f 679/1949/683 680/2742/691 670/1950/675
f 670/1952/675 680/2743/691 681/1953/684
f 681/1955/684 682/2744/685 672/1956/677
f 682/1958/685 683/2745/686 673/1959/678
f 683/1961/686 684/2746/696 674/1962/679
f 674/1964/679 684/2747/696 685/1965/687
f 675/1967/680 685/2748/687 686/1968/688
f 686/1970/688 687/2749/689 677/1971/682
f 687/1973/689 688/2750/633 678/1974/632
f 15/1976/431 689/2751/690 679/1977/683
f 689/1978/690 690/2752/692 680/1979/691
f 690/1981/692 691/2753/693 681/1982/684
f 691/1984/693 692/2754/694 682/1985/685
f 692/1987/694 693/2755/704 683/1988/686
f 683/1990/686 693/2756/704 694/1991/695
f 684/1993/696 694/2757/695 695/1994/697
f 685/1996/687 695/2758/697 696/1997/698
f 686/1999/688 696/2759/698 697/2000/699
f 687/2002/689 697/2760/699 698/2003/634
f 16/2005/433 699/2761/700 689/2006/690
f 699/2007/700 700/2762/701 690/2008/692
f 700/2010/701 701/2763/702 691/2011/693
f 701/2013/702 702/2764/703 692/2014/694
f 702/2016/703 703/2765/705 693/2017/704
f 703/2019/705 704/2766/714 694/2020/695
f 694/2022/695 704/2767/714 705/2023/706
f 695/2025/697 705/2768/706 706/2026/707
f 696/2028/698 706/2769/707 707/2029/708
f 697/2031/699 707/2770/708 708/2032/635
f 17/2034/435 709/2771/709 699/2035/700
f 709/2036/709 710/2772/710 700/2037/701
f 710/2039/710 711/2773/711 701/2040/702
f 711/2042/711 712/2774/712 702/2043/703
f 712/2045/712 713/2775/713 703/2046/705
f 713/2048/713 714/2776/723 704/2049/714
f 704/2051/714 714/2777/723 715/2052/715
f 705/2054/706 715/2778/715 716/2055/716
f 706/2057/707 716/2779/716 717/2058/717
f 707/2060/708 717/2780/717 718/2061/636
f 18/2063/410 719/2781/718 709/2064/709
f 719/2065/718 720/2782/719 710/2066/710
f 720/2068/719 721/2783/720 711/2069/711
f 721/2071/720 722/2784/721 712/2072/712
f 722/2074/721 723/2785/727 713/2075/713
f 713/2077/713 723/2786/727 724/2078/722
f 714/2080/723 724/2787/722 725/2081/724
f 715/2083/715 725/2788/724 726/2084/725
f 716/2086/716 726/2789/725 727/2087/726
f 717/2089/717 727/2790/726 728/2090/1
f 2/2092/292 39/2791/294 719/2093/718
f 39/2094/294 40/2792/296 720/2095/719
f 40/2097/296 41/2793/298 721/2098/720
f 41/2100/298 42/2794/300 722/2101/721
f 42/2103/300 43/2795/302 723/2104/727
f 43/2106/302 44/2796/303 724/2107/722
f 724/2109/722 44/2797/303 45/2110/305
f 725/2112/724 45/2798/305 46/2113/307
f 726/2115/725 46/2799/307 47/2116/309
f 727/2118/726 47/2800/309 48/2119/283
